time_s,pos_turns,pos_deg,normalized,velocity_turns_s,curve_multiplier,commanded_torque_Nm,desired_torque_Nm,torque_estimate_Nm,input_iq_A,effective_current_lim_A,motor_temp_C,fet_temp_C,vbus_V,ibus_A,power_elec_W,power_mech_W,power_loss_W,active_errors
0.000,0.33984,122.3,0.000,-0.018,0.0000,-0.0000,-0.0000,-0.0016,0.000,40.000,34.3,35.4,18.10,0.000,0.00,0.00,-0.00,0
0.029,0.33924,122.1,0.000,-0.016,0.0000,-0.0000,-0.0000,0.0053,0.000,40.000,34.3,35.4,18.09,-0.000,-0.00,-0.00,0.00,0
0.058,0.33905,122.1,0.000,0.006,0.0000,-0.0000,-0.0000,0.0022,0.000,40.000,34.3,35.4,18.09,-0.000,-0.00,-0.00,0.00,0
0.086,0.33911,122.1,0.000,-0.003,0.0000,-0.0000,-0.0000,0.0039,0.000,40.000,34.3,35.4,18.10,-0.000,0.00,-0.00,0.00,0
0.114,0.33911,122.1,0.000,0.000,0.0000,-0.0000,-0.0000,-0.0028,0.000,40.000,34.3,35.4,18.09,0.000,0.00,0.00,0.00,0
0.142,0.33911,122.1,0.000,0.000,0.0000,-0.0000,-0.0000,-0.0044,0.000,40.000,34.3,35.4,18.08,-0.000,-0.00,0.00,0.00,0
0.174,0.33910,122.1,0.000,0.002,0.0000,-0.0000,-0.0000,-0.0032,0.000,40.000,34.3,35.4,18.09,0.000,-0.00,0.00,0.00,0
0.203,0.33910,122.1,0.000,0.006,0.0000,-0.0000,-0.0000,-0.0034,0.000,40.000,34.3,35.4,18.09,0.000,-0.00,0.00,-0.00,0
0.235,0.33911,122.1,0.000,0.001,0.0000,-0.0000,-0.0000,0.0068,0.000,40.000,34.3,35.4,18.08,0.000,0.00,-0.00,-0.00,0
0.265,0.33910,122.1,0.000,0.009,0.0000,-0.0000,-0.0000,0.0003,0.000,40.000,34.3,35.4,18.09,0.000,-0.00,-0.00,0.00,0
0.294,0.33908,122.1,0.000,0.002,0.0000,-0.0000,-0.0000,0.0011,0.000,40.000,34.3,35.4,18.09,-0.000,-0.00,0.00,-0.00,0
0.323,0.33909,122.1,0.000,-0.011,0.0000,-0.0000,-0.0000,-0.0016,0.000,40.000,34.3,35.4,18.09,-0.000,0.00,-0.00,-0.00,0
0.348,0.33911,122.1,0.000,-0.000,0.0000,-0.0000,-0.0000,-0.0013,0.000,40.000,34.3,35.4,18.09,0.000,0.00,0.00,-0.00,0
0.378,0.33936,122.2,0.000,0.013,0.0000,-0.0000,-0.0000,-0.0024,0.000,40.000,34.3,35.4,18.09,-0.000,-0.00,0.00,0.00,0
0.404,0.34003,122.4,0.000,0.033,0.8000,-0.1000,-0.8000,-0.0516,0.000,40.000,34.3,35.4,18.10,0.006,0.21,-0.01,0.33,0
0.434,0.34086,122.7,0.003,0.034,0.8000,-0.2000,-0.8000,-0.1992,0.000,40.000,34.3,35.4,18.08,0.159,2.41,-0.02,2.43,0
0.466,0.34199,123.1,0.006,0.051,0.8000,-0.3000,-0.8000,-0.3108,0.000,40.000,34.3,35.4,18.08,0.277,4.76,-0.08,4.45,0
0.495,0.34315,123.5,0.010,0.040,0.8000,-0.4000,-0.8000,-0.4066,0.000,40.000,34.3,35.4,18.07,0.411,6.94,-0.11,6.76,0
0.524,0.34465,124.1,0.014,0.070,0.8000,-0.5000,-0.8000,-0.5002,0.000,40.000,34.3,35.4,18.05,0.574,9.67,-0.21,9.58,0
0.554,0.34720,125.0,0.022,0.105,0.8000,-0.6000,-0.8000,-0.5979,0.000,40.000,34.3,35.4,18.04,0.766,12.99,-0.42,12.94,0
0.583,0.35054,126.2,0.032,0.123,0.8000,-0.7000,-0.8000,-0.7041,0.000,40.000,34.3,35.4,18.02,0.965,16.72,-0.49,17.09,0
0.614,0.35404,127.5,0.043,0.106,0.8000,-0.8000,-0.8000,-0.8170,0.000,40.000,34.3,35.4,18.00,1.235,21.72,-0.49,21.63,0
0.644,0.35663,128.4,0.050,0.084,0.8000,-0.8000,-0.8000,-0.7963,0.000,40.000,34.3,35.4,17.99,1.166,21.09,-0.38,21.36,0
0.673,0.35909,129.3,0.058,0.091,0.8000,-0.8000,-0.8000,-0.8018,0.000,40.000,34.3,35.4,17.98,1.172,20.97,-0.44,21.52,0
0.698,0.36153,130.2,0.065,0.100,0.8000,-0.8000,-0.8000,-0.8040,0.000,40.000,34.3,35.4,17.97,1.165,21.02,-0.49,21.42,0
0.728,0.36463,131.3,0.074,0.120,0.8000,-0.8000,-0.8000,-0.8029,0.000,40.000,34.3,35.4,17.98,1.197,21.55,-0.56,22.11,0
0.757,0.36905,132.9,0.088,0.188,0.8000,-0.8000,-0.8000,-0.7920,0.000,40.000,34.3,35.4,17.97,1.237,22.14,-0.90,23.06,0
0.787,0.37516,135.1,0.106,0.219,0.8000,-0.8000,-0.8000,-0.7976,0.000,40.000,34.3,35.4,17.97,1.223,21.91,-1.12,22.72,0
0.815,0.38132,137.3,0.124,0.222,0.8000,-0.8000,-0.8000,-0.8076,0.000,40.000,34.3,35.4,17.97,1.148,20.75,-1.11,21.70,0
0.845,0.38725,139.4,0.142,0.184,0.8000,-0.8000,-0.8000,-0.8021,0.000,40.000,34.3,35.4,17.97,1.095,19.66,-0.93,20.56,0
0.875,0.39202,141.1,0.156,0.152,0.8000,-0.8000,-0.8000,-0.7994,0.000,40.000,34.3,35.4,17.99,1.084,19.52,-0.69,20.20,0
0.904,0.39605,142.6,0.169,0.118,0.8000,-0.8000,-0.8000,-0.8078,0.000,40.000,34.3,35.4,17.99,1.079,19.31,-0.62,20.09,0
0.933,0.39900,143.6,0.177,0.087,0.8000,-0.8000,-0.8000,-0.8045,0.000,40.000,34.3,35.4,17.98,1.059,18.93,-0.43,19.42,0
0.965,0.40163,144.6,0.185,0.084,0.8000,-0.8000,-0.8000,-0.8037,0.000,40.000,34.3,35.4,17.99,1.046,18.75,-0.43,19.09,0
0.995,0.40439,145.6,0.194,0.099,0.8000,-0.8000,-0.8000,-0.7974,0.000,40.000,34.3,35.4,17.98,1.024,18.35,-0.48,18.98,0
1.026,0.40753,146.7,0.203,0.108,0.8000,-0.8000,-0.8000,-0.7979,0.000,40.000,34.3,35.4,17.99,1.007,18.06,-0.54,18.68,0
1.056,0.41057,147.8,0.212,0.093,0.8000,-0.8000,-0.8000,-0.7938,0.000,40.000,34.3,35.4,17.99,1.006,18.06,-0.53,18.53,0
1.086,0.41379,149.0,0.222,0.121,0.8000,-0.8000,-0.8000,-0.8000,0.000,40.000,34.3,35.4,17.99,1.056,19.09,-0.59,19.59,0
1.114,0.41717,150.2,0.232,0.123,0.8000,-0.8000,-0.8000,-0.8028,0.000,40.000,34.3,35.4,17.98,1.101,19.93,-0.58,20.57,0
1.141,0.42040,151.3,0.242,0.128,0.8000,-0.8000,-0.8000,-0.7973,0.000,40.000,34.3,35.4,17.98,1.146,20.71,-0.65,21.24,0
1.171,0.42419,152.7,0.253,0.120,0.8000,-0.8000,-0.8000,-0.7907,0.000,40.000,34.3,35.4,17.98,1.168,21.16,-0.61,21.71,0
1.198,0.42718,153.8,0.262,0.094,0.8000,-0.8000,-0.8000,-0.7995,0.000,40.000,34.3,35.4,17.97,1.182,21.27,-0.38,21.74,0
1.230,0.42900,154.4,0.267,0.033,0.8000,-0.8000,-0.8000,-0.8017,0.000,40.000,34.3,35.4,17.97,1.202,21.41,-0.12,21.42,0
1.256,0.42926,154.5,0.268,-0.000,0.8000,-0.8000,-0.8000,-0.8062,0.000,40.000,34.3,35.4,17.97,1.196,21.43,0.00,21.33,0
1.286,0.42884,154.4,0.267,-0.032,0.8000,-0.8000,-0.8000,-0.7988,0.000,40.000,34.3,35.4,17.97,1.185,21.54,0.20,21.18,0
1.314,0.42693,153.7,0.261,-0.109,0.8000,-0.8000,-0.8000,-0.7968,0.000,40.000,34.3,35.4,17.98,1.192,21.29,0.59,20.57,0
1.344,0.42153,151.8,0.245,-0.250,0.8000,-0.8000,-0.8000,-0.8085,0.000,40.000,34.3,35.4,17.97,1.146,20.66,1.43,19.15,0
1.375,0.40953,147.4,0.209,-0.522,0.8000,-0.8000,-0.8000,-0.7936,0.000,40.000,34.3,35.4,17.99,1.007,18.08,2.49,15.64,0
1.405,0.38987,140.4,0.150,-0.750,0.8000,-0.8000,-0.8000,-0.7949,0.000,40.000,34.3,35.4,17.98,1.091,19.84,3.97,15.80,0
1.433,0.36371,130.9,0.072,-1.040,0.8000,-0.8000,-0.8000,-0.8008,0.000,40.000,34.3,35.4,17.96,1.220,21.69,5.38,16.16,0
1.463,0.32935,118.6,0.000,-1.371,0.0000,-0.7000,-0.0000,-0.6981,0.000,40.000,34.3,35.4,18.00,0.826,15.64,6.42,9.31,0
1.492,0.32116,115.6,0.000,-0.066,0.0000,-0.6000,-0.0000,-0.5983,0.000,40.000,34.3,35.4,18.01,0.633,12.19,0.23,12.17,0
1.522,0.31445,113.2,0.000,-0.329,0.0000,-0.5000,-0.0000,-0.4919,0.000,40.000,34.3,35.4,18.03,0.486,9.19,1.11,8.15,0
1.548,0.30214,108.8,0.000,-0.547,0.0000,-0.4000,-0.0000,-0.3974,0.000,40.000,34.3,35.4,18.04,0.412,7.67,1.38,6.27,0
1.581,0.29564,106.4,0.000,-0.113,0.0000,-0.3000,-0.0000,-0.3036,0.000,40.000,34.3,35.4,18.05,0.243,4.67,-0.05,4.83,0
1.612,0.29340,105.6,0.000,-0.085,0.0000,-0.2000,-0.0000,-0.1981,0.000,40.000,34.3,35.4,18.07,0.131,2.53,0.08,2.57,0
1.643,0.29304,105.5,0.000,0.011,0.0000,-0.1000,-0.0000,-0.0980,0.000,40.000,34.3,35.5,18.07,0.051,0.99,-0.01,1.01,0
1.674,0.29329,105.6,0.000,0.005,0.0000,-0.0000,-0.0000,-0.0161,0.000,40.000,34.3,35.5,18.07,0.011,0.12,-0.00,0.11,0
1.705,0.29345,105.6,0.000,0.001,0.0000,-0.0000,-0.0000,0.0004,0.000,40.000,34.3,35.5,18.08,-0.000,0.00,-0.00,-0.00,0
1.732,0.29351,105.7,0.000,-0.007,0.0000,-0.0000,-0.0000,-0.0019,0.000,40.000,34.3,35.5,18.09,-0.000,0.00,-0.00,-0.00,0
1.763,0.29352,105.7,0.000,0.000,0.0000,-0.0000,-0.0000,-0.0023,0.000,40.000,34.3,35.5,18.09,0.000,0.00,-0.00,0.00,0
1.794,0.29364,105.7,0.000,0.003,0.0000,-0.0000,-0.0000,-0.0049,0.000,40.000,34.3,35.5,18.09,-0.000,-0.00,0.00,0.00,0
1.823,0.29382,105.8,0.000,0.006,0.0000,-0.0000,-0.0000,-0.0031,0.000,40.000,34.3,35.5,18.08,0.000,0.00,-0.00,-0.00,0
1.848,0.29387,105.8,0.000,0.003,0.0000,-0.0000,-0.0000,0.0055,0.000,40.000,34.3,35.5,18.08,-0.000,-0.00,-0.00,-0.00,0
1.875,0.29373,105.7,0.000,-0.018,0.0000,-0.0000,-0.0000,-0.0025,0.000,40.000,34.3,35.5,18.08,0.000,-0.00,-0.00,-0.00,0
1.901,0.29325,105.6,0.000,-0.016,0.0000,-0.0000,-0.0000,-0.0056,0.000,40.000,34.3,35.5,18.08,0.000,-0.00,0.00,-0.00,0
1.931,0.29239,105.3,0.000,-0.032,0.0000,-0.0000,-0.0000,-0.0084,0.000,40.000,34.3,35.5,18.08,-0.000,-0.00,-0.00,0.00,0
1.962,0.29129,104.9,0.000,-0.037,0.0000,-0.0000,-0.0000,0.0052,0.000,40.000,34.3,35.5,18.08,0.000,0.00,-0.00,-0.00,0
1.989,0.29003,104.4,0.000,-0.048,0.0000,-0.0000,-0.0000,0.0066,0.000,40.000,34.3,35.5,18.09,-0.000,0.00,0.00,0.00,0
2.014,0.28887,104.0,0.000,-0.050,0.0000,-0.0000,-0.0000,-0.0024,0.000,40.000,34.3,35.5,18.09,-0.000,0.00,-0.00,-0.00,0
2.044,0.28714,103.4,0.000,-0.073,0.0000,-0.0000,-0.0000,0.0023,0.000,40.000,34.3,35.5,18.08,-0.000,0.00,0.00,-0.00,0
2.073,0.28491,102.6,0.000,-0.081,0.0000,-0.0000,-0.0000,0.0023,0.000,40.000,34.3,35.5,18.09,0.000,-0.00,0.00,0.00,0
2.102,0.28333,102.0,0.000,-0.038,0.0000,-0.0000,-0.0000,0.0044,0.000,40.000,34.3,35.5,18.08,-0.000,-0.00,-0.00,-0.00,0
2.132,0.28320,102.0,0.000,-0.006,0.0000,-0.0000,-0.0000,-0.0036,0.000,40.000,34.3,35.5,18.09,-0.000,-0.00,0.00,-0.00,0
2.161,0.28319,101.9,0.000,-0.002,0.0000,-0.0000,-0.0000,-0.0079,0.000,40.000,34.3,35.5,18.09,0.000,-0.00,0.00,0.00,0
2.191,0.28320,102.0,0.000,-0.000,0.0000,-0.0000,-0.0000,-0.0022,0.000,40.000,34.3,35.5,18.10,-0.000,-0.00,0.00,-0.00,0
2.216,0.28319,101.9,0.000,0.001,0.0000,-0.0000,-0.0000,0.0003,0.000,40.000,34.3,35.5,18.09,0.000,0.00,-0.00,0.00,0
2.246,0.28319,101.9,0.000,0.003,0.0000,-0.0000,-0.0000,-0.0011,0.000,40.000,34.3,35.5,18.08,-0.000,-0.00,-0.00,-0.00,0
2.276,0.28316,101.9,0.000,0.001,0.0000,-0.0000,-0.0000,0.0032,0.000,40.000,34.3,35.5,18.08,-0.000,0.00,-0.00,-0.00,0
2.302,0.28319,101.9,0.000,0.000,0.0000,-0.0000,-0.0000,-0.0001,0.000,40.000,34.3,35.5,18.09,-0.000,-0.00,0.00,0.00,0
2.332,0.28308,101.9,0.000,-0.003,0.0000,-0.0000,-0.0000,-0.0042,0.000,40.000,34.3,35.5,18.09,-0.000,0.00,-0.00,-0.00,0
2.361,0.28302,101.9,0.000,0.003,0.0000,-0.0000,-0.0000,-0.0023,0.000,40.000,34.3,35.5,18.09,-0.000,-0.00,-0.00,-0.00,0
2.392,0.28311,101.9,0.000,0.006,0.0000,-0.0000,-0.0000,0.0029,0.000,40.000,34.3,35.5,18.09,0.000,-0.00,0.00,0.00,0
2.424,0.28320,102.0,0.000,-0.001,0.0000,-0.0000,-0.0000,0.0046,0.000,40.000,34.3,35.5,18.08,-0.000,-0.00,-0.00,0.00,0
2.453,0.28413,102.3,0.000,0.058,0.0000,-0.0000,-0.0000,0.0031,0.000,40.000,34.3,35.5,18.09,-0.000,-0.00,0.00,0.00,0
2.482,0.28737,103.5,0.000,0.154,0.0000,-0.0000,-0.0000,0.0010,0.000,40.000,34.3,35.5,18.08,-0.000,-0.00,-0.00,0.00,0
2.511,0.29348,105.7,0.000,0.270,0.0000,-0.0000,-0.0000,0.0016,0.000,40.000,34.3,35.5,18.08,0.000,-0.00,0.00,-0.00,0
2.540,0.30395,109.4,0.000,0.388,0.0000,-0.0000,-0.0000,-0.0002,0.000,40.000,34.3,35.5,18.09,-0.000,-0.01,-0.01,-0.00,0
2.571,0.31868,114.7,0.000,0.530,0.0000,-0.0000,-0.0000,-0.0005,0.000,40.000,34.3,35.5,18.08,-0.000,0.01,-0.00,-0.01,0
2.606,0.33430,120.3,0.000,0.257,0.0000,-0.0000,-0.0000,-0.0034,0.000,40.000,34.3,35.5,18.09,-0.000,0.00,0.00,-0.01,0
2.635,0.33616,121.0,0.000,-0.040,0.0000,-0.0000,-0.0000,-0.0014,0.000,40.000,34.3,35.5,18.09,-0.000,0.00,-0.00,-0.00,0
2.665,0.33153,119.4,0.000,-0.180,0.0000,-0.0000,-0.0000,0.0061,0.000,40.000,34.3,35.5,18.09,-0.000,0.00,-0.00,0.00,0
2.694,0.32861,118.3,0.000,-0.069,0.0000,-0.0000,-0.0000,-0.0008,0.000,40.000,34.3,35.5,18.08,0.000,-0.01,0.00,-0.00,0
2.725,0.32482,116.9,0.000,-0.189,0.0000,-0.0000,-0.0000,-0.0011,0.000,40.000,34.3,35.5,18.09,0.000,0.01,0.00,0.01,0
2.751,0.31890,114.8,0.000,-0.213,0.0000,-0.0000,-0.0000,0.0033,0.000,40.000,34.3,35.5,18.09,0.000,0.00,0.01,0.00,0
2.782,0.31388,113.0,0.000,-0.119,0.0000,-0.0000,-0.0000,-0.0043,0.000,40.000,34.3,35.5,18.08,-0.000,-0.00,0.00,0.00,0
2.813,0.31183,112.3,0.000,0.007,0.0000,-0.0000,-0.0000,0.0010,0.000,40.000,34.3,35.5,18.09,-0.000,0.00,-0.00,0.00,0
2.842,0.31502,113.4,0.000,0.177,0.0000,-0.0000,-0.0000,0.0041,0.000,40.000,34.3,35.5,18.08,-0.000,-0.00,-0.01,-0.00,0
2.872,0.32165,115.8,0.000,0.274,0.0000,-0.0000,-0.0000,-0.0001,0.000,40.000,34.3,35.5,18.09,0.000,0.00,0.00,0.00,0
2.901,0.33260,119.7,0.000,0.409,0.0000,-0.0000,-0.0000,0.0035,0.000,40.000,34.3,35.5,18.08,-0.000,0.00,0.01,0.01,0
2.932,0.34498,124.2,0.015,0.389,0.8000,-0.1000,-0.8000,-0.0497,0.000,40.000,34.3,35.5,18.09,0.005,0.26,-0.09,0.44,0
2.961,0.35777,128.8,0.054,0.454,0.8000,-0.2000,-0.8000,-0.2114,0.000,40.000,34.3,35.5,18.08,0.162,2.70,-0.60,3.32,0
2.991,0.37170,133.8,0.095,0.481,0.8000,-0.3000,-0.8000,-0.3070,0.000,40.000,34.3,35.5,18.07,0.297,4.99,-1.01,6.00,0
3.021,0.38685,139.3,0.141,0.500,0.8000,-0.4000,-0.8000,-0.3980,0.000,40.000,34.3,35.5,18.06,0.401,6.80,-1.23,7.79,0
3.050,0.40076,144.3,0.183,0.417,0.8000,-0.5000,-0.8000,-0.5101,0.000,40.000,34.3,35.5,18.06,0.557,9.33,-1.23,10.37,0
3.080,0.41011,147.6,0.211,0.250,0.8000,-0.6000,-0.8000,-0.6025,0.000,40.000,34.3,35.5,18.04,0.669,11.61,-0.83,12.30,0
3.106,0.41526,149.5,0.226,0.175,0.8000,-0.7000,-0.8000,-0.6976,0.000,40.000,34.3,35.5,18.02,0.924,15.89,-0.78,16.64,0
3.136,0.42078,151.5,0.243,0.192,0.8000,-0.8000,-0.8000,-0.7983,0.000,40.000,34.3,35.5,18.00,1.229,21.12,-0.96,21.82,0
3.165,0.42710,153.8,0.262,0.248,0.8000,-0.8000,-0.8000,-0.7911,0.000,40.000,34.3,35.5,17.99,1.187,21.35,-1.32,22.71,0
3.195,0.43567,156.8,0.287,0.313,0.8000,-0.8000,-0.8000,-0.8044,0.000,40.000,34.3,35.5,17.98,1.213,21.98,-1.87,23.74,0
3.223,0.44610,160.6,0.319,0.450,0.8000,-0.8000,-0.8000,-0.8065,0.000,40.000,34.3,35.5,17.99,1.093,19.55,-2.18,21.77,0
3.295,0.47642,171.5,0.410,0.422,0.8000,-0.8000,-0.8000,-0.8047,0.000,40.000,34.3,35.5,17.99,1.019,18.22,-2.10,20.24,0
3.327,0.48967,176.3,0.449,0.422,0.8000,-0.8000,-0.8000,-0.7943,0.000,40.000,34.3,35.5,17.99,1.105,19.87,-2.13,22.02,0
3.357,0.50262,180.9,0.488,0.454,0.8000,-0.8000,-0.8000,-0.7993,0.000,40.000,34.3,35.5,17.98,1.175,20.99,-2.24,23.31,0
3.386,0.51691,186.1,0.531,0.494,0.8000,-0.8000,-0.8000,-0.8049,0.000,40.000,34.3,35.5,17.96,1.215,21.97,-2.59,24.42,0
3.417,0.53265,191.8,0.578,0.569,0.8000,-0.8000,-0.8000,-0.7978,0.000,40.000,34.3,35.5,17.98,1.088,19.16,-2.63,21.71,0
3.462,0.55558,200.0,0.647,0.452,0.8000,-0.8000,-0.8000,-0.7977,0.000,40.000,34.3,35.5,18.00,1.055,19.20,-2.58,21.82,0
3.493,0.56978,205.1,0.690,0.428,0.8000,-0.8000,-0.8000,-0.8072,0.000,40.000,34.3,35.5,17.98,1.186,21.29,-2.10,23.57,0
3.522,0.58043,209.0,0.722,0.337,0.8000,-0.8000,-0.8000,-0.7980,0.000,40.000,34.3,35.5,17.97,1.239,22.28,-1.51,23.75,0
3.551,0.58773,211.6,0.744,0.183,0.8000,-0.8000,-0.8000,-0.8062,0.000,40.000,34.3,35.5,17.96,1.250,22.64,-0.79,23.32,0
3.577,0.59023,212.5,0.751,0.021,0.8000,-0.8000,-0.8000,-0.7999,0.000,40.000,34.3,35.5,17.96,1.246,22.27,-0.03,22.50,0
3.607,0.58817,211.7,0.745,-0.149,0.8000,-0.8000,-0.8000,-0.7970,0.000,40.000,34.3,35.5,17.96,1.256,22.51,0.84,21.76,0
3.634,0.58169,209.4,0.725,-0.317,0.8000,-0.8000,-0.8000,-0.8038,0.000,40.000,34.3,35.5,17.96,1.247,22.43,1.67,20.61,0
3.664,0.56980,205.1,0.690,-0.468,0.8000,-0.8000,-0.8000,-0.7988,0.000,40.000,34.3,35.5,17.97,1.187,21.30,2.42,18.91,0
3.693,0.55373,199.3,0.642,-0.596,0.8000,-0.8000,-0.8000,-0.7986,0.000,40.000,34.3,35.5,17.97,1.023,18.19,3.03,15.22,0
3.722,0.53490,192.6,0.585,-0.666,0.8000,-0.8000,-0.8000,-0.7947,0.000,40.000,34.3,35.5,17.97,1.096,19.82,3.48,16.18,0
3.747,0.51744,186.3,0.533,-0.771,0.8000,-0.8000,-0.8000,-0.7965,0.000,40.000,34.3,35.5,17.96,1.249,22.54,3.49,19.00,0
3.777,0.49654,178.8,0.470,-0.835,0.8000,-0.8000,-0.8000,-0.8070,0.000,40.000,34.3,35.5,17.97,1.170,21.02,4.11,16.84,0
3.806,0.47566,171.2,0.407,-0.771,0.8000,-0.8000,-0.8000,-0.7964,0.000,40.000,34.3,35.5,17.99,1.045,18.98,4.16,14.89,0
3.834,0.45651,164.3,0.350,-0.684,0.8000,-0.8000,-0.8000,-0.7877,0.000,40.000,34.3,35.5,17.97,1.098,19.91,3.29,16.72,0
3.863,0.43611,157.0,0.289,-0.714,0.8000,-0.8000,-0.8000,-0.8051,0.000,40.000,34.3,35.6,17.96,1.235,21.84,3.66,18.33,0
3.891,0.41640,149.9,0.230,-0.681,0.8000,-0.8000,-0.8000,-0.8045,0.000,40.000,34.4,35.6,17.98,1.091,19.47,3.55,15.82,0
3.917,0.39877,143.6,0.177,-0.676,0.8000,-0.8000,-0.8000,-0.7998,0.000,40.000,34.4,35.6,17.99,1.078,19.46,3.51,15.86,0
3.946,0.37864,136.3,0.116,-0.752,0.8000,-0.8000,-0.8000,-0.7933,0.000,40.000,34.4,35.6,17.97,1.227,22.24,3.68,18.61,0
3.973,0.36085,129.9,0.063,-0.625,0.8000,-0.8000,-0.8000,-0.7945,0.000,40.000,34.4,35.6,17.97,1.163,21.12,2.93,18.21,0
4.002,0.34294,123.5,0.009,-0.552,0.8000,-0.8000,-0.8000,-0.7970,0.000,40.000,34.4,35.6,17.97,1.055,18.92,2.81,15.97,0
4.032,0.32798,118.1,0.000,-0.482,0.0000,-0.7000,-0.0000,-0.6921,0.000,40.000,34.4,35.6,18.00,0.796,15.26,1.99,13.46,0
4.059,0.31725,114.2,0.000,-0.319,0.0000,-0.6000,-0.0000,-0.5843,0.000,40.000,34.4,35.6,18.01,0.639,12.05,1.11,11.17,0
4.088,0.31131,112.1,0.000,-0.138,0.0000,-0.5000,-0.0000,-0.4877,0.000,40.000,34.4,35.6,18.02,0.512,9.59,0.30,9.42,0
4.115,0.31206,112.3,0.000,0.170,0.0000,-0.4000,-0.0000,-0.4032,0.000,40.000,34.4,35.6,18.04,0.346,6.65,-0.48,7.36,0
4.144,0.32121,115.6,0.000,0.399,0.0000,-0.3000,-0.0000,-0.2960,0.000,40.000,34.4,35.6,18.05,0.204,4.03,-0.78,5.11,0
4.173,0.33319,119.9,0.000,0.352,0.0000,-0.2000,-0.0000,-0.1840,0.000,40.000,34.4,35.6,18.06,0.104,2.20,-0.38,2.60,0
4.198,0.33916,122.1,0.000,0.145,0.0000,-0.1000,-0.0000,-0.0993,0.000,40.000,34.4,35.6,18.07,0.038,0.74,-0.08,0.97,0
4.224,0.33993,122.4,0.000,-0.063,0.8000,-0.2000,-0.8000,-0.2022,0.000,40.000,34.4,35.6,18.07,0.162,2.63,0.13,2.27,0
4.253,0.33401,120.2,0.000,-0.289,0.0000,-0.1000,-0.0000,-0.0895,0.000,40.000,34.4,35.6,18.07,0.035,0.91,0.18,0.75,0
4.282,0.32394,116.6,0.000,-0.376,0.0000,-0.0000,-0.0000,-0.0186,0.000,40.000,34.4,35.6,18.08,0.011,0.14,0.07,0.06,0
4.312,0.31437,113.2,0.000,-0.164,0.0000,-0.0000,-0.0000,0.0019,0.000,40.000,34.4,35.6,18.08,0.000,0.01,-0.00,-0.00,0
4.341,0.31758,114.3,0.000,0.203,0.0000,-0.0000,-0.0000,0.0042,0.000,40.000,34.4,35.6,18.08,-0.000,0.00,-0.00,-0.00,0
4.370,0.32353,116.5,0.000,0.208,0.0000,-0.0000,-0.0000,-0.0029,0.000,40.000,34.4,35.6,18.09,0.000,-0.00,0.02,0.00,0
4.398,0.32910,118.5,0.000,0.172,0.0000,-0.0000,-0.0000,-0.0017,0.000,40.000,34.4,35.6,18.08,0.000,0.00,0.00,-0.00,0
4.427,0.33243,119.7,0.000,0.080,0.0000,-0.0000,-0.0000,-0.0036,0.000,40.000,34.4,35.6,18.08,-0.000,0.00,0.00,-0.00,0
4.456,0.33440,120.4,0.000,0.065,0.0000,-0.0000,-0.0000,0.0027,0.000,40.000,34.4,35.6,18.08,-0.000,-0.00,-0.00,0.00,0
4.482,0.33696,121.3,0.000,0.137,0.0000,-0.0000,-0.0000,-0.0066,0.000,40.000,34.4,35.6,18.08,0.000,-0.00,0.00,-0.00,0
4.512,0.34317,123.5,0.010,0.259,0.8000,-0.1000,-0.8000,-0.0489,0.000,40.000,34.4,35.6,18.08,0.007,0.24,-0.05,0.35,0
4.541,0.35167,126.6,0.035,0.313,0.8000,-0.2000,-0.8000,-0.2085,0.000,40.000,34.4,35.7,18.08,0.165,2.88,-0.44,3.19,0
4.570,0.36125,130.0,0.064,0.334,0.8000,-0.3000,-0.8000,-0.3068,0.000,40.000,34.4,35.7,18.07,0.274,4.73,-0.64,5.24,0
4.599,0.37096,133.5,0.093,0.337,0.8000,-0.4000,-0.8000,-0.4049,0.000,40.000,34.4,35.7,18.07,0.444,7.68,-0.89,8.29,0
4.628,0.38045,137.0,0.122,0.315,0.8000,-0.5000,-0.8000,-0.5080,0.000,40.000,34.4,35.7,18.05,0.587,10.03,-0.95,10.80,0
4.656,0.38748,139.5,0.143,0.186,0.8000,-0.6000,-0.8000,-0.6024,0.000,40.000,34.4,35.7,18.03,0.739,12.65,-0.70,13.22,0
4.683,0.39162,141.0,0.155,0.123,0.8000,-0.7000,-0.8000,-0.6970,0.000,40.000,34.4,35.7,18.02,0.948,16.30,-0.50,16.36,0
4.713,0.39374,141.7,0.162,0.017,0.8000,-0.8000,-0.8000,-0.7924,0.000,40.000,34.4,35.7,18.00,1.158,19.89,-0.02,19.45,0
4.739,0.39280,141.4,0.159,-0.082,0.8000,-0.8000,-0.8000,-0.8083,0.000,40.000,34.4,35.7,17.98,1.089,19.55,0.40,19.09,0
4.768,0.39030,140.5,0.151,-0.075,0.8000,-0.8000,-0.8000,-0.8009,0.000,40.000,34.4,35.7,17.98,1.098,19.71,0.15,19.50,0
4.797,0.39205,141.1,0.157,0.125,0.8000,-0.8000,-0.8000,-0.8032,0.000,40.000,34.4,35.7,17.99,1.089,19.57,-0.54,19.96,0
4.828,0.39343,141.6,0.161,-0.007,0.8000,-0.8000,-0.8000,-0.7922,0.000,40.000,34.4,35.7,17.98,1.076,19.56,0.08,19.43,0
4.861,0.39121,140.8,0.154,-0.144,0.8000,-0.8000,-0.8000,-0.7950,0.000,40.000,34.4,35.7,17.99,1.093,19.75,0.84,18.81,0
4.891,0.38391,138.2,0.132,-0.306,0.8000,-0.8000,-0.8000,-0.7976,0.000,40.000,34.4,35.7,17.98,1.117,20.41,1.68,18.66,0
4.921,0.37165,133.8,0.095,-0.480,0.8000,-0.8000,-0.8000,-0.8015,0.000,40.000,34.4,35.7,17.97,1.244,22.55,2.50,19.87,0
4.948,0.35673,128.4,0.051,-0.590,0.8000,-0.8000,-0.8000,-0.8090,0.000,40.000,34.4,35.7,17.96,1.180,21.06,2.91,18.26,0
4.981,0.33788,121.6,0.000,-0.562,0.0000,-0.7000,-0.0000,-0.6905,0.000,40.000,34.4,35.7,18.00,0.785,14.43,2.47,12.19,0
5.013,0.32037,115.3,0.000,-0.480,0.0000,-0.6000,-0.0000,-0.5863,0.000,40.000,34.4,35.7,18.01,0.659,12.47,1.73,10.81,0
5.039,0.31067,111.8,0.000,-0.288,0.0000,-0.5000,-0.0000,-0.4902,0.000,40.000,34.4,35.7,18.03,0.525,9.81,0.81,9.18,0
5.065,0.30432,109.6,0.000,-0.223,0.0000,-0.4000,-0.0000,-0.3985,0.000,40.000,34.4,35.7,18.04,0.376,7.28,0.50,6.90,0
5.095,0.29964,107.9,0.000,-0.098,0.0000,-0.3000,-0.0000,-0.2984,0.000,40.000,34.4,35.7,18.04,0.270,4.88,0.11,4.79,0
5.128,0.29907,107.7,0.000,-0.003,0.0000,-0.2000,-0.0000,-0.1948,0.000,40.000,34.4,35.7,18.06,0.131,2.68,-0.01,2.78,0
5.159,0.29842,107.4,0.000,-0.058,0.0000,-0.1000,-0.0000,-0.0874,0.000,40.000,34.4,35.7,18.06,0.054,0.95,0.04,0.98,0
5.185,0.29617,106.6,0.000,-0.112,0.0000,-0.0000,-0.0000,-0.0207,0.000,40.000,34.4,35.7,18.07,0.011,0.15,0.02,0.11,0
5.215,0.29168,105.0,0.000,-0.170,0.0000,-0.0000,-0.0000,0.0043,0.000,40.000,34.4,35.7,18.09,-0.000,0.00,-0.00,-0.00,0
5.244,0.28686,103.3,0.000,-0.160,0.0000,-0.0000,-0.0000,0.0007,0.000,40.000,34.4,35.7,18.08,-0.000,-0.00,0.00,0.00,0
5.274,0.28339,102.0,0.000,-0.074,0.0000,-0.0000,-0.0000,-0.0067,0.000,40.000,34.4,35.7,18.09,0.000,-0.00,-0.00,-0.00,0
5.301,0.28216,101.6,0.000,-0.024,0.0000,-0.0000,-0.0000,-0.0006,0.000,40.000,34.4,35.7,18.09,0.000,0.00,-0.00,0.00,0
5.330,0.28130,101.3,0.000,-0.034,0.0000,-0.0000,-0.0000,0.0024,0.000,40.000,34.4,35.7,18.09,-0.000,0.00,-0.00,-0.00,0
5.356,0.28014,100.9,0.000,-0.037,0.0000,-0.0000,-0.0000,0.0001,0.000,40.000,34.4,35.7,18.08,-0.000,-0.00,-0.00,-0.00,0
5.386,0.27954,100.6,0.000,-0.016,0.0000,-0.0000,-0.0000,-0.0062,0.000,40.000,34.4,35.7,18.09,-0.000,-0.00,-0.00,0.00,0
5.415,0.27909,100.5,0.000,-0.020,0.0000,-0.0000,-0.0000,0.0037,0.000,40.000,34.4,35.8,18.08,0.000,-0.00,-0.00,-0.00,0
5.445,0.27824,100.2,0.000,-0.037,0.0000,-0.0000,-0.0000,0.0008,0.000,40.000,34.4,35.8,18.08,0.000,-0.00,0.00,0.00,0
5.475,0.27712,99.8,0.000,-0.036,0.0000,-0.0000,-0.0000,0.0013,0.000,40.000,34.4,35.8,18.09,-0.000,0.00,0.00,0.00,0
5.504,0.27667,99.6,0.000,-0.000,0.0000,-0.0000,-0.0000,-0.0061,0.000,40.000,34.4,35.8,18.08,0.000,-0.00,0.00,0.00,0
5.532,0.27690,99.7,0.000,0.011,0.0000,-0.0000,-0.0000,0.0005,0.000,40.000,34.4,35.8,18.08,-0.000,-0.00,-0.00,-0.00,0
5.556,0.27643,99.5,0.000,-0.022,0.0000,-0.0000,-0.0000,-0.0004,0.000,40.000,34.4,35.8,18.09,0.000,0.00,0.00,-0.00,0
5.581,0.27618,99.4,0.000,0.010,0.0000,-0.0000,-0.0000,0.0006,0.000,40.000,34.4,35.8,18.09,-0.000,-0.00,0.00,0.00,0
5.611,0.27721,99.8,0.000,0.057,0.0000,-0.0000,-0.0000,-0.0001,0.000,40.000,34.4,35.8,18.08,0.000,0.00,-0.00,-0.01,0
5.640,0.27974,100.7,0.000,0.100,0.0000,-0.0000,-0.0000,-0.0023,0.000,40.000,34.4,35.8,18.09,-0.000,0.00,-0.00,-0.00,0
5.665,0.28226,101.6,0.000,0.102,0.0000,-0.0000,-0.0000,0.0051,0.000,40.000,34.4,35.8,18.08,0.000,-0.00,0.00,-0.00,0
5.692,0.28425,102.3,0.000,0.041,0.0000,-0.0000,-0.0000,0.0041,0.000,40.000,34.4,35.8,18.08,0.000,-0.00,-0.00,-0.00,0
5.717,0.28442,102.4,0.000,-0.018,0.0000,-0.0000,-0.0000,0.0060,0.000,40.000,34.4,35.8,18.09,-0.000,0.00,-0.00,-0.00,0
5.746,0.28284,101.8,0.000,-0.087,0.0000,-0.0000,-0.0000,-0.0007,0.000,40.000,34.4,35.8,18.09,0.000,0.00,-0.00,-0.00,0
5.776,0.27903,100.5,0.000,-0.164,0.0000,-0.0000,-0.0000,-0.0068,0.000,40.000,34.4,35.8,18.09,0.000,0.00,0.00,-0.00,0
5.805,0.27231,98.0,0.000,-0.274,0.0000,-0.0000,-0.0000,0.0001,0.000,40.000,34.4,35.8,18.09,0.000,-0.00,-0.01,-0.01,0
5.833,0.26338,94.8,0.000,-0.344,0.0000,-0.0000,-0.0000,0.0003,0.000,40.000,34.4,35.8,18.09,0.000,-0.00,-0.00,-0.01,0
5.863,0.25361,91.3,0.000,-0.294,0.0000,-0.0000,-0.0000,-0.0049,0.000,40.000,34.4,35.8,18.09,-0.000,-0.01,-0.00,0.00,0
5.893,0.24633,88.7,0.000,-0.187,0.0000,-0.0000,-0.0000,0.0025,0.000,40.000,34.4,35.8,18.09,-0.000,-0.00,0.01,-0.01,0
5.922,0.24307,87.5,0.000,-0.060,0.0000,-0.0000,-0.0000,0.0037,0.000,40.000,34.4,35.8,18.08,-0.000,0.00,0.00,0.00,0
5.949,0.24252,87.3,0.000,0.000,0.0000,-0.0000,-0.0000,-0.0006,0.000,40.000,34.4,35.8,18.09,0.000,-0.00,-0.00,0.00,0
5.979,0.24266,87.4,0.000,0.001,0.0000,-0.0000,-0.0000,0.0020,0.000,40.000,34.4,35.8,18.09,-0.000,-0.00,-0.00,0.00,0
6.004,0.24251,87.3,0.000,-0.003,0.0000,-0.0000,-0.0000,0.0032,0.000,40.000,34.4,35.8,18.08,0.000,-0.00,0.00,-0.00,0
6.035,0.24274,87.4,0.000,0.010,0.0000,-0.0000,-0.0000,0.0063,0.000,40.000,34.4,35.8,18.09,-0.000,-0.00,0.00,-0.00,0
6.065,0.24267,87.4,0.000,-0.004,0.0000,-0.0000,-0.0000,0.0016,0.000,40.000,34.4,35.8,18.09,0.000,0.00,-0.00,0.00,0
6.094,0.24280,87.4,0.000,0.007,0.0000,-0.0000,-0.0000,0.0023,0.000,40.000,34.4,35.8,18.09,0.000,0.00,0.00,0.00,0
6.123,0.24286,87.4,0.000,0.008,0.0000,-0.0000,-0.0000,0.0009,0.000,40.000,34.4,35.8,18.09,0.000,0.00,0.00,0.00,0
6.154,0.24298,87.5,0.000,0.009,0.0000,-0.0000,-0.0000,0.0041,0.000,40.000,34.4,35.8,18.09,0.000,0.00,-0.00,-0.00,0
6.182,0.24309,87.5,0.000,-0.008,0.0000,-0.0000,-0.0000,-0.0087,0.000,40.000,34.4,35.8,18.08,-0.000,-0.00,0.00,-0.00,0
6.214,0.24598,88.6,0.000,0.183,0.0000,-0.0000,-0.0000,-0.0092,0.000,40.000,34.4,35.8,18.09,-0.000,-0.00,0.00,0.01,0
6.246,0.25428,91.5,0.000,0.295,0.0000,-0.0000,-0.0000,-0.0054,0.000,40.000,34.4,35.8,18.09,-0.000,-0.00,0.00,0.00,0
6.275,0.26168,94.2,0.000,0.206,0.0000,-0.0000,-0.0000,-0.0001,0.000,40.000,34.4,35.8,18.09,-0.000,-0.00,-0.00,0.00,0
6.303,0.26560,95.6,0.000,0.101,0.0000,-0.0000,-0.0000,0.0011,0.000,40.000,34.4,35.8,18.08,0.000,0.00,0.00,-0.01,0
6.333,0.26857,96.7,0.000,0.094,0.0000,-0.0000,-0.0000,-0.0083,0.000,40.000,34.4,35.8,18.09,0.000,-0.00,-0.00,0.00,0
6.365,0.27131,97.7,0.000,0.067,0.0000,-0.0000,-0.0000,-0.0024,0.000,40.000,34.4,35.7,18.09,0.000,0.00,0.00,0.00,0
6.396,0.27300,98.3,0.000,0.063,0.0000,-0.0000,-0.0000,-0.0073,0.000,40.000,34.4,35.7,18.09,-0.000,-0.00,0.00,-0.00,0
6.427,0.27625,99.5,0.000,0.145,0.0000,-0.0000,-0.0000,-0.0069,0.000,40.000,34.4,35.7,18.08,0.000,0.00,0.00,-0.00,0
6.458,0.28174,101.4,0.000,0.202,0.0000,-0.0000,-0.0000,0.0106,0.000,40.000,34.4,35.7,18.08,-0.000,0.01,0.00,0.00,0
6.488,0.28782,103.6,0.000,0.206,0.0000,-0.0000,-0.0000,-0.0004,0.000,40.000,34.4,35.7,18.09,0.000,0.00,0.00,0.00,0
6.515,0.29200,105.1,0.000,0.101,0.0000,-0.0000,-0.0000,0.0005,0.000,40.000,34.4,35.7,18.09,-0.000,-0.00,-0.00,-0.00,0
6.544,0.29477,106.1,0.000,0.094,0.0000,-0.0000,-0.0000,-0.0062,0.000,40.000,34.4,35.7,18.09,-0.000,-0.00,0.00,0.01,0
6.575,0.29901,107.6,0.000,0.180,0.0000,-0.0000,-0.0000,-0.0040,0.000,40.000,34.5,35.7,18.09,0.000,0.00,-0.00,-0.00,0
6.606,0.30571,110.1,0.000,0.238,0.0000,-0.0000,-0.0000,-0.0072,0.000,40.000,34.5,35.7,18.09,-0.000,0.00,-0.01,-0.01,0
6.635,0.31205,112.3,0.000,0.199,0.0000,-0.0000,-0.0000,-0.0016,0.000,40.000,34.5,35.7,18.09,-0.000,0.00,0.00,-0.00,0
6.665,0.31661,114.0,0.000,0.107,0.0000,-0.0000,-0.0000,0.0018,0.000,40.000,34.5,35.7,18.08,0.000,-0.00,-0.00,-0.00,0
6.690,0.31931,115.0,0.000,0.118,0.0000,-0.0000,-0.0000,0.0011,0.000,40.000,34.5,35.7,18.08,-0.000,-0.00,0.00,-0.01,0
6.715,0.32275,116.2,0.000,0.151,0.0000,-0.0000,-0.0000,0.0029,0.000,40.000,34.5,35.7,18.10,0.000,-0.00,-0.01,0.00,0
6.745,0.32691,117.7,0.000,0.116,0.0000,-0.0000,-0.0000,0.0009,0.000,40.000,34.5,35.7,18.08,-0.000,-0.00,-0.00,-0.00,0
6.773,0.32964,118.7,0.000,0.089,0.0000,-0.0000,-0.0000,-0.0047,0.000,40.000,34.5,35.7,18.08,-0.000,-0.00,0.00,0.00,0
6.800,0.33259,119.7,0.000,0.121,0.0000,-0.0000,-0.0000,0.0052,0.000,40.000,34.5,35.7,18.09,0.000,-0.00,-0.00,0.01,0
6.831,0.33727,121.4,0.000,0.196,0.0000,-0.0000,-0.0000,0.0028,0.000,40.000,34.5,35.7,18.09,-0.000,-0.00,-0.00,0.00,0
6.862,0.34416,123.9,0.013,0.246,0.8000,-0.1000,-0.8000,-0.0525,0.000,40.000,34.5,35.7,18.10,0.007,0.26,-0.07,0.52,0
6.891,0.35258,126.9,0.038,0.321,0.8000,-0.2000,-0.8000,-0.2072,0.000,40.000,34.5,35.7,18.08,0.167,2.89,-0.42,3.16,0
6.916,0.36074,129.9,0.063,0.323,0.8000,-0.3000,-0.8000,-0.3091,0.000,40.000,34.5,35.7,18.08,0.280,4.81,-0.61,5.25,0
6.946,0.36822,132.6,0.085,0.119,0.8000,-0.4000,-0.8000,-0.4045,0.000,40.000,34.5,35.7,18.07,0.433,7.50,-0.25,7.66,0
6.977,0.36877,132.8,0.087,-0.059,0.8000,-0.5000,-0.8000,-0.5102,0.000,40.000,34.5,35.7,18.05,0.618,10.94,0.24,10.39,0
7.002,0.36706,132.1,0.082,-0.047,0.8000,-0.6000,-0.8000,-0.6021,0.000,40.000,34.5,35.7,18.03,0.807,14.08,0.16,13.84,0
7.032,0.36742,132.3,0.083,0.078,0.8000,-0.7000,-0.8000,-0.7093,0.000,40.000,34.5,35.7,18.02,1.036,18.34,-0.42,18.37,0
7.056,0.37056,133.4,0.092,0.156,0.8000,-0.8000,-0.8000,-0.8127,0.000,40.000,34.5,35.7,17.99,1.302,22.69,-0.83,23.35,0
7.083,0.37540,135.1,0.107,0.214,0.8000,-0.8000,-0.8000,-0.7958,0.000,40.000,34.5,35.7,17.98,1.216,21.93,-1.15,23.07,0
7.111,0.38348,138.1,0.131,0.326,0.8000,-0.8000,-0.8000,-0.8068,0.000,40.000,34.5,35.7,17.97,1.131,20.18,-1.69,22.12,0
7.140,0.39371,141.7,0.162,0.356,0.8000,-0.8000,-0.8000,-0.8027,0.000,40.000,34.5,35.7,17.99,1.089,19.66,-1.83,21.40,0
7.165,0.40223,144.8,0.187,0.325,0.8000,-0.8000,-0.8000,-0.7952,0.000,40.000,34.5,35.7,17.99,1.040,18.54,-1.59,20.19,0
7.195,0.41059,147.8,0.212,0.270,0.8000,-0.8000,-0.8000,-0.7941,0.000,40.000,34.5,35.7,17.99,1.001,18.04,-1.26,19.31,0
7.225,0.42107,151.6,0.244,0.404,0.8000,-0.8000,-0.8000,-0.7978,0.000,40.000,34.5,35.7,17.99,1.161,20.84,-2.01,22.86,0
7.251,0.43235,155.6,0.277,0.438,0.8000,-0.8000,-0.8000,-0.7996,0.000,40.000,34.5,35.7,17.98,1.187,21.32,-2.18,23.52,0
7.280,0.44566,160.4,0.317,0.468,0.8000,-0.8000,-0.8000,-0.8010,0.000,40.000,34.5,35.7,17.97,1.254,22.37,-2.31,24.73,0
7.310,0.45978,165.5,0.360,0.471,0.8000,-0.8000,-0.8000,-0.7898,0.000,40.000,34.5,35.7,17.97,1.092,19.74,-2.76,22.54,0
7.339,0.47373,170.5,0.402,0.427,0.8000,-0.8000,-0.8000,-0.8027,0.000,40.000,34.5,35.7,17.99,1.032,18.39,-2.14,20.57,0
7.365,0.48397,174.2,0.432,0.402,0.8000,-0.8000,-0.8000,-0.7931,0.000,40.000,34.5,35.7,17.99,1.040,18.76,-2.19,20.97,0
7.395,0.49677,178.8,0.471,0.443,0.8000,-0.8000,-0.8000,-0.8052,0.000,40.000,34.4,35.7,17.97,1.164,20.90,-2.20,23.18,0
7.425,0.51026,183.7,0.511,0.477,0.8000,-0.8000,-0.8000,-0.7975,0.000,40.000,34.4,35.7,17.97,1.232,22.00,-2.05,24.04,0
7.456,0.52193,187.9,0.546,0.321,0.8000,-0.8000,-0.8000,-0.7980,0.000,40.000,34.4,35.7,17.96,1.196,21.23,-1.54,22.87,0
7.482,0.52815,190.1,0.565,0.178,0.8000,-0.8000,-0.8000,-0.7979,0.000,40.000,34.4,35.7,17.97,1.103,19.81,-0.74,20.44,0
7.512,0.53001,190.8,0.570,-0.019,0.8000,-0.8000,-0.8000,-0.8035,0.000,40.000,34.4,35.7,17.97,1.094,19.56,0.21,19.53,0
7.542,0.52621,189.4,0.559,-0.228,0.8000,-0.8000,-0.8000,-0.7981,0.000,40.000,34.4,35.7,17.97,1.129,20.56,1.13,19.42,0
7.572,0.51733,186.2,0.532,-0.350,0.8000,-0.8000,-0.8000,-0.8017,0.000,40.000,34.4,35.7,17.96,1.243,22.34,1.84,20.37,0
7.600,0.50579,182.1,0.498,-0.451,0.8000,-0.8000,-0.8000,-0.7992,0.000,40.000,34.4,35.7,17.97,1.174,21.04,2.00,18.97,0
7.633,0.48969,176.3,0.449,-0.500,0.8000,-0.8000,-0.8000,-0.8040,0.000,40.000,34.4,35.7,17.97,1.096,19.63,2.51,16.92,0
7.665,0.47129,169.7,0.394,-0.638,0.8000,-0.8000,-0.8000,-0.7995,0.000,40.000,34.4,35.7,17.99,1.060,19.37,3.01,16.30,0
7.694,0.45334,163.2,0.340,-0.626,0.8000,-0.8000,-0.8000,-0.7984,0.000,40.000,34.4,35.7,17.96,1.202,21.70,3.93,17.90,0
7.724,0.43172,155.4,0.276,-0.631,0.8000,-0.8000,-0.8000,-0.7949,0.000,40.000,34.4,35.7,17.97,1.201,21.72,3.05,18.43,0
7.755,0.41137,148.1,0.215,-0.633,0.8000,-0.8000,-0.8000,-0.8080,0.000,40.000,34.4,35.7,17.98,1.032,18.37,3.10,15.25,0
7.782,0.39513,142.2,0.166,-0.595,0.8000,-0.8000,-0.8000,-0.7946,0.000,40.000,34.4,35.7,17.98,1.083,19.53,2.79,16.82,0
7.810,0.37949,136.6,0.119,-0.603,0.8000,-0.8000,-0.8000,-0.7902,0.000,40.000,34.4,35.7,17.96,1.213,21.98,2.46,19.43,0
7.838,0.36585,131.7,0.078,-0.472,0.8000,-0.8000,-0.8000,-0.7985,0.000,40.000,34.4,35.7,17.96,1.206,21.59,2.27,19.28,0
7.873,0.35206,126.7,0.037,-0.326,0.8000,-0.8000,-0.8000,-0.7989,0.000,40.000,34.4,35.7,17.98,1.152,20.64,1.60,18.98,0
7.904,0.34484,124.1,0.015,-0.155,0.8000,-0.8000,-0.8000,-0.8101,0.000,40.000,34.4,35.7,17.97,1.084,19.44,0.74,18.67,0
7.932,0.34206,123.1,0.007,-0.048,0.8000,-0.8000,-0.8000,-0.8039,0.000,40.000,34.4,35.7,17.98,1.045,18.76,0.16,18.67,0
7.963,0.34168,123.0,0.005,0.001,0.8000,-0.8000,-0.8000,-0.8023,0.000,40.000,34.4,35.7,17.99,1.047,18.74,-0.00,18.81,0
7.995,0.34145,122.9,0.005,-0.020,0.8000,-0.8000,-0.8000,-0.8030,0.000,40.000,34.4,35.7,17.99,1.043,18.73,0.13,18.55,0
8.026,0.33946,122.2,0.000,-0.104,0.0000,-0.7000,-0.0000,-0.7009,0.000,40.000,34.4,35.7,17.99,0.788,14.57,0.44,14.23,0
8.058,0.33552,120.8,0.000,-0.152,0.0000,-0.6000,-0.0000,-0.6071,0.000,40.000,34.4,35.7,18.02,0.588,11.20,0.56,10.88,0
8.088,0.32975,118.7,0.000,-0.236,0.0000,-0.5000,-0.0000,-0.4977,0.000,40.000,34.4,35.8,18.04,0.450,8.90,0.71,8.49,0
8.115,0.32213,116.0,0.000,-0.325,0.0000,-0.4000,-0.0000,-0.4000,0.000,40.000,34.4,35.8,18.04,0.345,6.63,0.90,5.91,0
8.146,0.31566,113.6,0.000,-0.034,0.0000,-0.3000,-0.0000,-0.2937,0.000,40.000,34.4,35.8,18.05,0.218,4.20,0.01,4.32,0
8.178,0.31629,113.9,0.000,0.019,0.0000,-0.2000,-0.0000,-0.1962,0.000,40.000,34.4,35.8,18.07,0.121,2.42,-0.04,2.53,0
8.209,0.31653,114.0,0.000,0.002,0.0000,-0.1000,-0.0000,-0.0992,0.000,40.000,34.4,35.8,18.06,0.046,0.90,-0.00,0.93,0
8.241,0.31654,114.0,0.000,-0.002,0.0000,-0.0000,-0.0000,-0.0161,0.000,40.000,34.4,35.8,18.08,0.009,0.12,0.00,0.07,0
8.272,0.31653,114.0,0.000,-0.001,0.0000,-0.0000,-0.0000,-0.0023,0.000,40.000,34.4,35.8,18.08,0.000,-0.00,-0.00,0.00,0
8.298,0.31656,114.0,0.000,0.010,0.0000,-0.0000,-0.0000,0.0014,0.000,40.000,34.4,35.8,18.08,-0.000,-0.00,-0.00,0.00,0
8.330,0.31661,114.0,0.000,-0.004,0.0000,-0.0000,-0.0000,-0.0057,0.000,40.000,34.4,35.8,18.08,0.000,0.00,-0.00,-0.00,0
8.362,0.31671,114.0,0.000,0.001,0.0000,-0.0000,-0.0000,0.0039,0.000,40.000,34.4,35.8,18.08,-0.000,0.00,-0.00,-0.01,0
8.394,0.31692,114.1,0.000,0.016,0.0000,-0.0000,-0.0000,0.0039,0.000,40.000,34.4,35.8,18.08,0.000,0.00,0.00,-0.01,0
8.426,0.31775,114.4,0.000,0.035,0.0000,-0.0000,-0.0000,0.0013,0.000,40.000,34.4,35.8,18.08,-0.000,-0.00,-0.00,-0.00,0
8.456,0.31930,114.9,0.000,0.060,0.0000,-0.0000,-0.0000,0.0038,0.000,40.000,34.4,35.8,18.08,0.000,-0.00,-0.00,-0.00,0
8.482,0.32057,115.4,0.000,0.040,0.0000,-0.0000,-0.0000,-0.0045,0.000,40.000,34.4,35.8,18.08,0.000,-0.00,-0.00,0.00,0
8.511,0.32135,115.7,0.000,0.013,0.0000,-0.0000,-0.0000,0.0006,0.000,40.000,34.5,35.8,18.08,0.000,0.00,-0.00,0.00,0
8.542,0.32129,115.7,0.000,-0.011,0.0000,-0.0000,-0.0000,0.0011,0.000,40.000,34.5,35.8,18.09,-0.000,-0.00,0.00,0.00,0
8.572,0.32091,115.5,0.000,-0.006,0.0000,-0.0000,-0.0000,-0.0055,0.000,40.000,34.5,35.8,18.07,-0.000,-0.00,-0.00,0.00,0
8.598,0.32056,115.4,0.000,-0.006,0.0000,-0.0000,-0.0000,0.0087,0.000,40.000,34.5,35.8,18.09,-0.000,0.00,-0.00,0.00,0
8.631,0.32046,115.4,0.000,0.006,0.0000,-0.0000,-0.0000,-0.0032,0.000,40.000,34.5,35.8,18.09,-0.000,-0.00,-0.00,0.00,0
8.662,0.32047,115.4,0.000,-0.001,0.0000,-0.0000,-0.0000,-0.0013,0.000,40.000,34.5,35.8,18.09,0.000,-0.00,-0.00,0.00,0
8.689,0.32055,115.4,0.000,0.007,0.0000,-0.0000,-0.0000,-0.0028,0.000,40.000,34.5,35.8,18.08,-0.000,-0.01,0.00,0.00,0
8.717,0.32093,115.5,0.000,0.010,0.0000,-0.0000,-0.0000,-0.0059,0.000,40.000,34.5,35.8,18.08,-0.000,0.00,0.00,-0.00,0
8.747,0.32135,115.7,0.000,0.002,0.0000,-0.0000,-0.0000,0.0031,0.000,40.000,34.5,35.8,18.08,0.000,-0.00,0.00,0.00,0
8.777,0.32091,115.5,0.000,-0.036,0.0000,-0.0000,-0.0000,-0.0083,0.000,40.000,34.5,35.8,18.08,-0.000,-0.00,-0.00,0.00,0
8.809,0.31980,115.1,0.000,-0.046,0.0000,-0.0000,-0.0000,0.0012,0.000,40.000,34.5,35.8,18.08,0.000,-0.00,-0.00,0.00,0
8.840,0.31885,114.8,0.000,-0.025,0.0000,-0.0000,-0.0000,-0.0003,0.000,40.000,34.5,35.8,18.07,-0.000,-0.00,0.00,-0.00,0
8.872,0.31872,114.7,0.000,-0.017,0.0000,-0.0000,-0.0000,-0.0038,0.000,40.000,34.5,35.8,18.09,0.000,-0.00,0.00,-0.00,0
8.897,0.31775,114.4,0.000,-0.044,0.0000,-0.0000,-0.0000,0.0026,0.000,40.000,34.5,35.8,18.09,-0.000,-0.00,0.00,-0.00,0
8.928,0.31612,113.8,0.000,-0.058,0.0000,-0.0000,-0.0000,-0.0016,0.000,40.000,34.5,35.8,18.09,0.000,-0.00,0.00,-0.00,0
8.956,0.31468,113.3,0.000,-0.055,0.0000,-0.0000,-0.0000,0.0092,0.000,40.000,34.5,35.8,18.08,0.000,-0.00,-0.00,0.00,0
8.986,0.31269,112.6,0.000,-0.077,0.0000,-0.0000,-0.0000,-0.0002,0.000,40.000,34.5,35.8,18.08,0.000,0.00,0.00,0.00,0
9.015,0.31065,111.8,0.000,-0.075,0.0000,-0.0000,-0.0000,0.0026,0.000,40.000,34.5,35.8,18.09,-0.000,0.00,-0.00,0.00,0
9.045,0.30763,110.7,0.000,-0.132,0.0000,-0.0000,-0.0000,0.0008,0.000,40.000,34.5,35.8,18.09,-0.000,-0.00,0.00,0.00,0
9.073,0.30341,109.2,0.000,-0.165,0.0000,-0.0000,-0.0000,0.0006,0.000,40.000,34.5,35.8,18.08,-0.000,-0.00,-0.00,-0.00,0
9.098,0.29887,107.6,0.000,-0.200,0.0000,-0.0000,-0.0000,0.0009,0.000,40.000,34.5,35.8,18.09,0.000,-0.00,0.00,-0.00,0
9.128,0.29274,105.4,0.000,-0.202,0.0000,-0.0000,-0.0000,0.0009,0.000,40.000,34.5,35.8,18.08,0.000,0.00,0.01,0.00,0
9.156,0.28613,103.0,0.000,-0.283,0.0000,-0.0000,-0.0000,-0.0056,0.000,40.000,34.5,35.8,18.08,-0.000,-0.00,0.01,-0.01,0
9.183,0.28382,102.2,0.000,0.011,0.0000,-0.0000,-0.0000,-0.0006,0.000,40.000,34.5,35.8,18.08,-0.000,-0.00,-0.00,-0.00,0
9.213,0.28388,102.2,0.000,-0.005,0.0000,-0.0000,-0.0000,-0.0094,0.000,40.000,34.5,35.8,18.08,-0.000,-0.00,-0.00,0.00,0
9.242,0.28393,102.2,0.000,0.010,0.0000,-0.0000,-0.0000,-0.0050,0.000,40.000,34.5,35.8,18.09,-0.000,-0.00,-0.00,-0.00,0
9.272,0.28412,102.3,0.000,0.003,0.0000,-0.0000,-0.0000,0.0039,0.000,40.000,34.5,35.8,18.10,0.000,0.00,0.00,-0.00,0
9.297,0.28417,102.3,0.000,0.005,0.0000,-0.0000,-0.0000,-0.0038,0.000,40.000,34.5,35.8,18.09,-0.000,-0.00,-0.00,-0.00,0
9.328,0.28418,102.3,0.000,-0.001,0.0000,-0.0000,-0.0000,0.0022,0.000,40.000,34.5,35.8,18.09,-0.000,-0.00,0.00,-0.00,0
9.356,0.28418,102.3,0.000,0.000,0.0000,-0.0000,-0.0000,0.0068,0.000,40.000,34.5,35.8,18.09,-0.000,-0.00,-0.00,-0.00,0
9.384,0.28414,102.3,0.000,-0.004,0.0000,-0.0000,-0.0000,0.0034,0.000,40.000,34.5,35.8,18.08,-0.000,0.00,-0.00,-0.00,0
9.414,0.28416,102.3,0.000,0.005,0.0000,-0.0000,-0.0000,0.0059,0.000,40.000,34.5,35.8,18.08,-0.000,0.00,0.00,0.00,0
9.445,0.28418,102.3,0.000,-0.000,0.0000,-0.0000,-0.0000,0.0011,0.000,40.000,34.5,35.8,18.10,0.000,0.00,-0.00,0.00,0
9.475,0.28418,102.3,0.000,-0.000,0.0000,-0.0000,-0.0000,0.0019,0.000,40.000,34.5,35.8,18.08,-0.000,-0.00,-0.00,-0.00,0
9.500,0.28418,102.3,0.000,0.000,0.0000,-0.0000,-0.0000,0.0004,0.000,40.000,34.5,35.8,18.09,0.000,-0.00,-0.00,0.00,0
9.530,0.28418,102.3,0.000,0.000,0.0000,-0.0000,-0.0000,0.0004,0.000,40.000,34.5,35.8,18.09,-0.000,0.00,0.00,0.00,0
9.560,0.28418,102.3,0.000,-0.000,0.0000,-0.0000,-0.0000,0.0041,0.000,40.000,34.5,35.8,18.09,0.000,0.00,-0.00,-0.00,0
9.589,0.28418,102.3,0.000,-0.002,0.0000,-0.0000,-0.0000,0.0069,0.000,40.000,34.5,35.8,18.09,-0.000,-0.00,-0.00,-0.00,0
9.615,0.28419,102.3,0.000,-0.002,0.0000,-0.0000,-0.0000,-0.0013,0.000,40.000,34.5,35.8,18.09,0.000,-0.00,0.00,-0.00,0
9.647,0.28418,102.3,0.000,0.007,0.0000,-0.0000,-0.0000,0.0037,0.000,40.000,34.5,35.8,18.09,0.000,0.00,-0.00,-0.00,0
9.680,0.28418,102.3,0.000,0.000,0.0000,-0.0000,-0.0000,-0.0015,0.000,40.000,34.5,35.8,18.08,0.000,0.00,-0.00,-0.00,0
9.711,0.28419,102.3,0.000,-0.004,0.0000,-0.0000,-0.0000,0.0028,0.000,40.000,34.5,35.8,18.08,0.000,-0.00,-0.00,0.00,0
9.743,0.28420,102.3,0.000,-0.001,0.0000,-0.0000,-0.0000,-0.0013,0.000,40.000,34.5,35.8,18.09,-0.000,-0.00,-0.00,0.00,0
9.773,0.28419,102.3,0.000,0.001,0.0000,-0.0000,-0.0000,0.0008,0.000,40.000,34.5,35.8,18.09,-0.000,0.00,0.00,0.00,0
