time_s,pos_turns,pos_deg,normalized,velocity_turns_s,curve_multiplier,commanded_torque_Nm,desired_torque_Nm,torque_estimate_Nm,input_iq_A,motor_temp_C,fet_temp_C,vbus_V,ibus_A,power_elec_W,power_mech_W,active_errors
0.000,-5.64819,-0.0,0.000,-0.026,1.0000,-0.1000,-1.5000,-0.0614,0.000,41.4,40.9,19.21,0.021,0.78,-0.00,0
0.028,-5.64821,-0.0,0.000,0.004,1.0000,-0.2000,-1.5000,-0.2035,0.000,41.4,40.8,19.18,0.170,3.34,-0.29,0
0.055,-5.64491,1.2,0.009,0.037,1.0000,-0.3000,-1.5000,-0.3024,0.000,41.4,40.8,19.17,0.316,5.75,-0.35,0
0.082,-5.64239,2.1,0.017,0.073,1.0000,-0.4000,-1.5000,-0.4114,0.000,41.4,40.8,19.15,0.444,8.35,-0.26,0
0.111,-5.63904,3.3,0.026,0.130,1.0000,-0.5000,-1.5000,-0.5154,0.000,41.4,40.8,19.13,0.651,11.83,-0.64,0
0.138,-5.63472,4.8,0.039,0.167,1.0000,-0.6000,-1.5000,-0.6064,0.000,41.4,40.8,19.10,0.880,15.95,-0.87,0
0.165,-5.62955,6.7,0.054,0.194,1.0000,-0.7000,-1.5000,-0.7197,0.000,41.5,40.8,19.06,1.124,19.98,-1.10,0
0.191,-5.62404,8.7,0.069,0.201,1.0000,-0.8000,-1.5000,-0.8146,0.000,41.5,40.8,19.03,1.356,24.29,-1.25,0
0.218,-5.61853,10.7,0.085,0.209,1.0000,-0.9000,-1.5000,-0.9197,0.000,41.5,40.8,18.97,1.587,28.72,-1.41,0
0.245,-5.61714,11.2,0.089,-0.010,1.0000,-1.0000,-1.5000,-1.0077,0.000,41.5,40.7,18.93,1.815,33.31,-0.09,0
0.272,-5.61732,11.1,0.089,-0.023,1.0000,-1.1000,-1.5000,-1.1191,0.000,41.5,40.7,18.87,2.191,39.40,0.03,0
0.299,-5.61741,11.1,0.088,-0.007,1.0000,-1.2000,-1.5000,-1.2203,0.000,41.5,40.7,18.81,2.547,46.38,-0.04,0
0.326,-5.61729,11.1,0.089,0.029,1.0000,-1.3000,-1.5000,-1.3257,0.000,41.5,40.7,18.73,2.955,53.43,-0.50,0
0.353,-5.61614,11.5,0.092,0.027,1.0000,-1.4000,-1.5000,-1.4202,0.000,41.5,40.7,18.65,3.354,60.33,-0.21,0
0.380,-5.61584,11.6,0.093,0.007,1.0000,-1.5000,-1.5000,-1.5180,0.000,41.5,40.7,18.58,3.827,68.57,-0.19,0
0.407,-5.61579,11.6,0.093,0.002,1.0000,-1.5000,-1.5000,-1.5020,0.000,41.5,40.7,18.59,3.688,68.41,0.05,0
0.433,-5.61573,11.7,0.093,-0.007,1.0000,-1.5000,-1.5000,-1.4954,0.000,41.5,40.7,18.58,3.672,68.44,0.06,0
0.460,-5.61622,11.5,0.092,-0.038,1.0000,-1.5000,-1.5000,-1.5023,0.000,41.5,40.7,18.57,3.653,67.98,0.56,0
0.487,-5.61869,10.6,0.085,-0.137,1.0000,-1.5000,-1.5000,-1.4985,0.000,41.6,40.7,18.57,3.665,68.32,1.48,0
0.514,-5.62390,8.7,0.070,-0.238,1.0000,-1.5000,-1.5000,-1.4975,0.000,41.6,40.7,18.56,3.719,68.96,2.38,0
0.541,-5.63191,5.8,0.047,-0.351,1.0000,-1.5000,-1.5000,-1.4935,0.000,41.6,40.6,18.54,3.870,71.95,3.49,0
0.568,-5.64246,2.0,0.016,-0.422,1.0000,-1.5000,-1.5000,-1.5013,0.000,41.6,40.6,18.49,4.142,77.07,4.02,0
0.595,-5.65363,-2.0,0.000,-0.388,1.0000,-1.5000,-1.5000,-1.5031,0.000,41.6,40.6,18.44,4.393,80.94,3.49,0
0.624,-5.66305,-5.4,0.000,-0.279,1.0000,-1.5000,-1.5000,-1.4967,0.000,41.6,40.6,18.43,4.255,78.45,2.67,0
0.652,-5.67022,-7.9,0.000,-0.202,1.0000,-1.5000,-1.5000,-1.4938,0.000,41.6,40.6,18.45,4.207,77.25,1.75,0
0.679,-5.67476,-9.6,0.000,-0.157,1.0000,-1.5000,-1.5000,-1.5013,0.000,41.6,40.6,18.47,4.096,75.44,1.35,0
0.706,-5.67797,-10.7,0.000,-0.115,1.0000,-1.5000,-1.5000,-1.5023,0.000,41.6,40.6,18.49,4.012,74.12,1.05,0
0.733,-5.68071,-11.7,0.000,-0.082,1.0000,-1.5000,-1.5000,-1.5012,0.000,41.6,40.6,18.49,3.913,72.47,0.69,0
0.760,-5.68232,-12.3,0.000,-0.031,1.0000,-1.5000,-1.5000,-1.5075,0.000,41.6,40.6,18.50,3.875,71.76,0.22,0
0.787,-5.68246,-12.4,0.000,0.018,1.0000,-1.5000,-1.5000,-1.5023,0.000,41.6,40.6,18.50,3.890,72.24,-0.30,0
0.814,-5.68093,-11.8,0.000,0.075,1.0000,-1.5000,-1.5000,-1.5009,0.000,41.6,40.6,18.49,3.953,73.20,-0.78,0
0.842,-5.67842,-10.9,0.000,0.088,1.0000,-1.5000,-1.5000,-1.5021,0.000,41.6,40.6,18.48,4.051,75.00,-0.93,0
0.869,-5.67585,-10.0,0.000,0.087,1.0000,-1.5000,-1.5000,-1.4975,0.000,41.6,40.6,18.47,4.125,76.36,-0.88,0
0.896,-5.67326,-9.0,0.000,0.112,1.0000,-1.5000,-1.5000,-1.5003,0.000,41.7,40.6,18.44,4.210,77.80,-1.02,0
0.923,-5.66998,-7.9,0.000,0.129,1.0000,-1.5000,-1.5000,-1.4989,0.000,41.7,40.6,18.42,4.298,79.25,-1.32,0
0.950,-5.66588,-6.4,0.000,0.160,1.0000,-1.5000,-1.5000,-1.4945,0.000,41.7,40.6,18.41,4.361,80.41,-1.62,0
0.977,-5.66115,-4.7,0.000,0.181,1.0000,-1.5000,-1.5000,-1.5003,0.000,41.7,40.6,18.39,4.469,82.69,-1.79,0
1.004,-5.65558,-2.7,0.000,0.239,1.0000,-1.5000,-1.5000,-1.4967,0.000,41.7,40.6,18.37,4.556,83.93,-2.37,0
1.031,-5.64800,0.0,0.000,0.310,1.0000,-1.5000,-1.5000,-1.5051,0.000,41.7,40.6,18.40,4.458,81.43,-2.91,0
1.057,-5.64000,2.9,0.023,0.305,1.0000,-1.5000,-1.5000,-1.5023,0.000,41.7,40.6,18.44,4.130,76.12,-2.83,0
1.084,-5.63222,5.7,0.046,0.283,1.0000,-1.5000,-1.5000,-1.4974,0.000,41.7,40.6,18.48,3.977,73.51,-2.56,0
1.111,-5.62613,7.9,0.063,0.195,1.0000,-1.5000,-1.5000,-1.5106,0.000,41.7,40.6,18.50,3.843,71.17,-1.67,0
1.138,-5.62304,9.0,0.072,0.075,1.0000,-1.5000,-1.5000,-1.5106,0.000,41.7,40.7,18.53,3.770,69.97,-0.67,0
1.165,-5.62186,9.5,0.076,0.016,1.0000,-1.5000,-1.5000,-1.4934,0.000,41.7,40.7,18.54,3.727,69.42,-0.15,0
1.192,-5.62108,9.7,0.078,0.041,1.0000,-1.5000,-1.5000,-1.4965,0.000,41.7,40.7,18.53,3.734,69.42,-0.34,0
1.219,-5.61945,10.3,0.083,0.101,1.0000,-1.5000,-1.5000,-1.5059,0.000,41.8,40.7,18.53,3.739,69.20,-1.17,0
1.246,-5.61522,11.8,0.095,0.149,1.0000,-1.5000,-1.5000,-1.5019,0.000,41.8,40.7,18.53,3.692,67.94,1.05,0
1.273,-5.61504,11.9,0.095,0.017,1.0000,-1.5000,-1.5000,-1.4980,0.000,41.8,40.7,18.52,3.728,69.06,0.13,0
1.300,-5.61541,11.8,0.094,0.011,1.0000,-1.5000,-1.5000,-1.4974,0.000,41.8,40.7,18.52,3.705,69.01,-0.28,0
1.327,-5.61475,12.0,0.096,0.002,1.0000,-1.5000,-1.5000,-1.4993,0.000,41.8,40.7,18.52,3.733,69.38,0.07,0
1.354,-5.61481,12.0,0.096,-0.003,1.0000,-1.5000,-1.5000,-1.5006,0.000,41.8,40.7,18.52,3.731,69.10,0.00,0
1.380,-5.61481,12.0,0.096,-0.000,1.0000,-1.5000,-1.5000,-1.5021,0.000,41.8,40.7,18.53,3.726,68.93,0.01,0
1.407,-5.61503,11.9,0.095,-0.013,1.0000,-1.5000,-1.5000,-1.5008,0.000,41.8,40.7,18.52,3.724,68.99,0.14,0
1.434,-5.61586,11.6,0.093,-0.053,1.0000,-1.5000,-1.5000,-1.5016,0.000,41.8,40.7,18.52,3.691,68.41,0.23,0
1.461,-5.61554,11.7,0.094,0.005,1.0000,-1.5000,-1.5000,-1.4979,0.000,41.8,40.7,18.53,3.722,68.97,-0.05,0
1.487,-5.61574,11.7,0.093,-0.031,1.0000,-1.5000,-1.5000,-1.5031,0.000,41.8,40.7,18.52,3.702,68.55,0.15,0
1.514,-5.61681,11.3,0.090,-0.066,1.0000,-1.5000,-1.5000,-1.4958,0.000,41.9,40.7,18.52,3.678,68.23,0.80,0
1.541,-5.61957,10.3,0.082,-0.121,1.0000,-1.5000,-1.5000,-1.5025,0.000,41.9,40.8,18.53,3.703,68.71,1.36,0
1.568,-5.62391,8.7,0.070,-0.184,1.0000,-1.5000,-1.5000,-1.4948,0.000,41.9,40.8,18.53,3.751,69.46,1.85,0
1.595,-5.62978,6.6,0.053,-0.241,1.0000,-1.5000,-1.5000,-1.5047,0.000,41.9,40.8,18.52,3.847,71.34,2.31,0
1.622,-5.63709,4.0,0.032,-0.291,1.0000,-1.5000,-1.5000,-1.4963,0.000,41.9,40.8,18.49,3.973,73.75,2.81,0
1.648,-5.64490,1.2,0.009,-0.298,1.0000,-1.5000,-1.5000,-1.4978,0.000,41.9,40.8,18.44,4.255,78.86,2.85,0
1.675,-5.65321,-1.8,0.000,-0.313,1.0000,-1.5000,-1.5000,-1.4986,0.000,41.9,40.8,18.41,4.419,81.46,2.90,0
1.703,-5.66138,-4.8,0.000,-0.266,1.0000,-1.5000,-1.5000,-1.5013,0.000,41.9,40.8,18.41,4.342,79.24,2.47,0
1.730,-5.66790,-7.1,0.000,-0.209,1.0000,-1.5000,-1.5000,-1.4997,0.000,41.9,40.8,18.42,4.258,78.21,1.72,0
1.758,-5.67240,-8.7,0.000,-0.130,1.0000,-1.5000,-1.5000,-1.5026,0.000,41.9,40.8,18.43,4.206,77.06,1.23,0
1.784,-5.67547,-9.8,0.000,-0.114,1.0000,-1.5000,-1.5000,-1.5003,0.000,42.0,40.9,18.45,4.094,75.63,1.02,0
1.812,-5.67857,-11.0,0.000,-0.119,1.0000,-1.5000,-1.5000,-1.5043,0.000,42.0,40.9,18.47,3.999,73.38,1.14,0
1.840,-5.68188,-12.1,0.000,-0.117,1.0000,-1.5000,-1.5000,-1.5107,0.000,42.0,40.9,18.48,3.877,72.06,1.08,0
1.867,-5.68459,-13.1,0.000,-0.090,1.0000,-1.5000,-1.5000,-1.4924,0.000,42.0,40.9,18.50,3.796,70.30,0.76,0
1.894,-5.68634,-13.8,0.000,-0.044,1.0000,-1.5000,-1.5000,-1.5009,0.000,42.0,40.9,18.51,3.755,69.21,0.35,0
1.921,-5.68697,-14.0,0.000,-0.014,1.0000,-1.5000,-1.5000,-1.5001,0.000,42.0,40.9,18.51,3.746,69.44,0.04,0
1.948,-5.68697,-14.0,0.000,0.012,1.0000,-1.5000,-1.5000,-1.4982,0.000,42.0,40.9,18.51,3.742,69.45,-0.10,0
1.974,-5.68661,-13.9,0.000,0.021,1.0000,-1.5000,-1.5000,-1.5005,0.000,42.0,40.9,18.50,3.770,69.47,-0.07,0
2.001,-5.68606,-13.7,0.000,0.018,1.0000,-1.5000,-1.5000,-1.4951,0.000,42.1,41.0,18.50,3.788,70.21,-0.27,0
2.028,-5.68497,-13.3,0.000,0.050,1.0000,-1.5000,-1.5000,-1.5017,0.000,42.1,41.0,18.49,3.844,71.02,-0.52,0
2.055,-5.68305,-12.6,0.000,0.077,1.0000,-1.5000,-1.5000,-1.4947,0.000,42.1,41.0,18.49,3.907,72.42,-0.81,0
2.082,-5.68049,-11.6,0.000,0.097,1.0000,-1.5000,-1.5000,-1.4928,0.000,42.1,41.0,18.48,4.003,74.06,-0.96,0
2.109,-5.67773,-10.7,0.000,0.108,1.0000,-1.5000,-1.5000,-1.5068,0.000,42.1,41.0,18.46,4.107,76.08,-1.10,0
2.138,-5.67406,-9.3,0.000,0.150,1.0000,-1.5000,-1.5000,-1.4984,0.000,42.1,41.0,18.42,4.241,77.98,-1.45,0
2.165,-5.66927,-7.6,0.000,0.203,1.0000,-1.5000,-1.5000,-1.4964,0.000,42.1,41.0,18.39,4.350,80.32,-2.03,0
2.192,-5.66339,-5.5,0.000,0.220,1.0000,-1.5000,-1.5000,-1.4974,0.000,42.1,41.0,18.38,4.393,81.16,-2.21,0
2.218,-5.65758,-3.4,0.000,0.221,1.0000,-1.5000,-1.5000,-1.4995,0.000,42.2,41.0,18.37,4.569,84.28,-2.13,0
2.245,-5.65083,-1.0,0.000,0.276,1.0000,-1.5000,-1.5000,-1.4990,0.000,42.2,41.1,18.37,4.511,82.92,-2.49,0
2.272,-5.64362,1.6,0.013,0.257,1.0000,-1.5000,-1.5000,-1.5053,0.000,42.2,41.1,18.40,4.282,78.46,-2.38,0
2.300,-5.63673,4.1,0.033,0.262,1.0000,-1.5000,-1.5000,-1.4980,0.000,42.2,41.1,18.44,4.068,74.79,-2.32,0
2.326,-5.63072,6.3,0.050,0.195,1.0000,-1.5000,-1.5000,-1.5082,0.000,42.2,41.1,18.47,3.955,72.87,-1.72,0
2.353,-5.62624,7.9,0.063,0.150,1.0000,-1.5000,-1.5000,-1.4920,0.000,42.2,41.1,18.50,3.867,71.05,-1.26,0
2.380,-5.62286,9.1,0.073,0.103,1.0000,-1.5000,-1.5000,-1.4967,0.000,42.2,41.1,18.50,3.782,69.78,-0.93,0
2.407,-5.62016,10.1,0.081,0.104,1.0000,-1.5000,-1.5000,-1.4994,0.000,42.3,41.1,18.51,3.730,69.31,-1.07,0
2.434,-5.61648,11.4,0.091,0.166,1.0000,-1.5000,-1.5000,-1.4936,0.000,42.3,41.1,18.51,3.738,69.15,-1.64,0
2.460,-5.61523,11.8,0.095,-0.009,1.0000,-1.5000,-1.5000,-1.4932,0.000,42.3,41.1,18.50,3.719,69.29,-0.60,0
2.487,-5.61515,11.9,0.095,-0.017,1.0000,-1.5000,-1.5000,-1.4991,0.000,42.3,41.1,18.51,3.739,69.09,0.20,0
2.514,-5.61529,11.8,0.095,0.010,1.0000,-1.5000,-1.5000,-1.4967,0.000,42.3,41.1,18.51,3.741,69.04,-0.11,0
2.541,-5.61518,11.9,0.095,-0.003,1.0000,-1.5000,-1.5000,-1.4988,0.000,42.3,41.2,18.51,3.741,68.91,0.05,0
2.567,-5.61523,11.8,0.095,0.006,1.0000,-1.5000,-1.5000,-1.5026,0.000,42.3,41.2,18.50,3.747,69.20,-0.11,0
2.594,-5.61519,11.9,0.095,0.002,1.0000,-1.5000,-1.5000,-1.4998,0.000,42.4,41.2,18.51,3.728,69.17,-0.07,0
2.621,-5.61524,11.8,0.095,-0.000,1.0000,-1.5000,-1.5000,-1.5021,0.000,42.4,41.2,18.50,3.743,69.17,0.07,0
2.648,-5.61590,11.6,0.093,-0.038,1.0000,-1.5000,-1.5000,-1.5000,0.000,42.4,41.2,18.50,3.715,68.64,0.27,0
2.675,-5.61571,11.7,0.093,-0.002,1.0000,-1.5000,-1.5000,-1.5020,0.000,42.4,41.2,18.50,3.714,68.73,0.05,0
2.702,-5.61608,11.5,0.092,-0.012,1.0000,-1.5000,-1.5000,-1.4983,0.000,42.4,41.2,18.51,3.724,68.83,0.25,0
2.729,-5.61726,11.1,0.089,-0.062,1.0000,-1.5000,-1.5000,-1.5041,0.000,42.4,41.2,18.51,3.691,68.57,0.68,0
2.756,-5.61983,10.2,0.082,-0.131,1.0000,-1.5000,-1.5000,-1.5005,0.000,42.5,41.2,18.51,3.722,68.77,1.35,0
2.782,-5.62440,8.5,0.068,-0.202,1.0000,-1.5000,-1.5000,-1.5044,0.000,42.5,41.3,18.52,3.750,69.47,1.93,0
2.809,-5.63091,6.2,0.050,-0.282,1.0000,-1.5000,-1.5000,-1.4941,0.000,42.5,41.3,18.50,3.861,71.77,2.89,0
2.837,-5.63984,3.0,0.024,-0.352,1.0000,-1.5000,-1.5000,-1.4925,0.000,42.5,41.3,18.47,4.004,74.22,3.42,0
2.864,-5.65024,-0.8,0.000,-0.411,1.0000,-1.5000,-1.5000,-1.4970,0.000,42.5,41.3,18.40,4.370,80.59,3.75,0
2.891,-5.66058,-4.5,0.000,-0.361,1.0000,-1.5000,-1.5000,-1.5051,0.000,42.5,41.3,18.39,4.335,79.35,3.20,0
2.918,-5.66902,-7.5,0.000,-0.281,1.0000,-1.5000,-1.5000,-1.5015,0.000,42.6,41.3,18.42,4.211,77.82,2.46,0
2.945,-5.67483,-9.6,0.000,-0.174,1.0000,-1.5000,-1.5000,-1.4999,0.000,42.6,41.3,18.43,4.110,75.64,1.57,0
2.972,-5.67886,-11.1,0.000,-0.130,1.0000,-1.5000,-1.5000,-1.4997,0.000,42.6,41.4,18.45,4.006,74.01,1.12,0
2.998,-5.68179,-12.1,0.000,-0.086,1.0000,-1.5000,-1.5000,-1.5045,0.000,42.6,41.4,18.47,3.922,72.38,0.75,0
3.025,-5.68367,-12.8,0.000,-0.058,1.0000,-1.5000,-1.5000,-1.5011,0.000,42.6,41.4,18.47,3.851,70.91,0.56,0
3.052,-5.68499,-13.3,0.000,-0.036,1.0000,-1.5000,-1.5000,-1.4939,0.000,42.6,41.4,18.48,3.824,70.89,0.33,0
3.079,-5.68573,-13.5,0.000,-0.010,1.0000,-1.5000,-1.5000,-1.4996,0.000,42.7,41.4,18.49,3.783,70.18,0.10,0
3.105,-5.68590,-13.6,0.000,-0.005,1.0000,-1.5000,-1.5000,-1.5054,0.000,42.7,41.4,18.49,3.800,70.16,-0.06,0
3.132,-5.68561,-13.5,0.000,0.009,1.0000,-1.5000,-1.5000,-1.5028,0.000,42.7,41.4,18.48,3.823,70.28,-0.10,0
3.159,-5.68536,-13.4,0.000,0.003,1.0000,-1.5000,-1.5000,-1.4976,0.000,42.7,41.4,18.49,3.826,70.70,-0.14,0
3.186,-5.68508,-13.3,0.000,0.017,1.0000,-1.5000,-1.5000,-1.4964,0.000,42.7,41.4,18.48,3.823,70.54,-0.20,0
3.212,-5.68459,-13.1,0.000,0.026,1.0000,-1.5000,-1.5000,-1.5037,0.000,42.7,41.5,18.48,3.859,71.15,-0.23,0
3.239,-5.68376,-12.8,0.000,0.039,1.0000,-1.5000,-1.5000,-1.5042,0.000,42.8,41.5,18.48,3.880,71.65,-0.43,0
3.266,-5.68238,-12.3,0.000,0.063,1.0000,-1.5000,-1.5000,-1.4939,0.000,42.8,41.5,18.47,3.941,72.86,-0.55,0
3.293,-5.68037,-11.6,0.000,0.082,1.0000,-1.5000,-1.5000,-1.4980,0.000,42.8,41.5,18.46,4.025,74.10,-0.83,0
3.319,-5.67781,-10.7,0.000,0.111,1.0000,-1.5000,-1.5000,-1.4984,0.000,42.8,41.5,18.44,4.119,76.13,-1.03,0
3.346,-5.67436,-9.4,0.000,0.148,1.0000,-1.5000,-1.5000,-1.4982,0.000,42.8,41.5,18.42,4.241,78.07,-1.42,0
3.373,-5.66917,-7.6,0.000,0.241,1.0000,-1.5000,-1.5000,-1.4966,0.000,42.8,41.5,18.39,4.375,80.62,-2.36,0
3.400,-5.66189,-5.0,0.000,0.292,1.0000,-1.5000,-1.5000,-1.4970,0.000,42.9,41.5,18.36,4.508,82.87,-2.79,0
3.427,-5.65365,-2.0,0.000,0.337,1.0000,-1.5000,-1.5000,-1.5014,0.000,42.9,41.5,18.35,4.596,84.55,-3.51,0
3.453,-5.64378,1.6,0.013,0.372,1.0000,-1.5000,-1.5000,-1.5032,0.000,42.9,41.6,18.39,4.321,78.98,-3.52,0
3.480,-5.63396,5.1,0.041,0.358,1.0000,-1.5000,-1.5000,-1.5061,0.000,42.9,41.6,18.45,4.052,74.53,-3.33,0
3.507,-5.62531,8.2,0.066,0.292,1.0000,-1.5000,-1.5000,-1.5020,0.000,42.9,41.6,18.48,3.872,71.32,-2.44,0
3.533,-5.61913,10.4,0.084,0.184,1.0000,-1.5000,-1.5000,-1.4923,0.000,43.0,41.6,18.49,3.788,69.69,-1.51,0
3.560,-5.61577,11.7,0.093,-0.034,1.0000,-1.5000,-1.5000,-1.4923,0.000,43.0,41.6,18.49,3.738,68.99,-0.14,0
3.587,-5.61564,11.7,0.094,0.011,1.0000,-1.5000,-1.5000,-1.4997,0.000,43.0,41.6,18.49,3.724,68.84,0.08,0
3.614,-5.61580,11.6,0.093,0.009,1.0000,-1.5000,-1.5000,-1.4994,0.000,43.0,41.6,18.49,3.736,68.84,-0.17,0
3.641,-5.61542,11.8,0.094,0.014,1.0000,-1.5000,-1.5000,-1.5025,0.000,43.0,41.6,18.49,3.728,69.16,-0.15,0
3.668,-5.61543,11.8,0.094,-0.026,1.0000,-1.5000,-1.5000,-1.4967,0.000,43.0,41.6,18.50,3.729,68.97,0.11,0
3.695,-5.61562,11.7,0.094,0.007,1.0000,-1.5000,-1.5000,-1.4968,0.000,43.1,41.6,18.48,3.739,68.86,-0.06,0
3.721,-5.61564,11.7,0.094,-0.014,1.0000,-1.5000,-1.5000,-1.4968,0.000,43.1,41.6,18.50,3.727,69.02,0.04,0
3.748,-5.61567,11.7,0.094,0.004,1.0000,-1.5000,-1.5000,-1.5017,0.000,43.1,41.7,18.49,3.729,69.11,-0.01,0
3.775,-5.61584,11.6,0.093,-0.016,1.0000,-1.5000,-1.5000,-1.4973,0.000,43.1,41.7,18.49,3.735,69.18,0.10,0
3.803,-5.61578,11.6,0.093,0.008,1.0000,-1.5000,-1.5000,-1.5020,0.000,43.1,41.7,18.49,3.733,69.23,0.03,0
3.829,-5.61578,11.6,0.093,-0.002,1.0000,-1.5000,-1.5000,-1.4957,0.000,43.2,41.7,18.49,3.731,68.91,0.10,0
3.856,-5.61603,11.6,0.092,-0.015,1.0000,-1.5000,-1.5000,-1.4980,0.000,43.2,41.7,18.50,3.712,68.97,0.21,0
3.883,-5.61731,11.1,0.089,-0.083,1.0000,-1.5000,-1.5000,-1.5116,0.000,43.2,41.7,18.51,3.713,68.36,1.05,0
3.919,-5.62222,9.3,0.075,-0.182,1.0000,-1.5000,-1.5000,-1.4992,0.000,43.2,41.7,18.50,3.754,69.66,1.99,0
3.954,-5.63010,6.5,0.052,-0.271,1.0000,-1.5000,-1.5000,-1.4994,0.000,43.3,41.7,18.49,3.860,71.23,2.64,0
3.981,-5.63836,3.5,0.028,-0.333,1.0000,-1.5000,-1.5000,-1.4973,0.000,43.3,41.8,18.45,4.018,74.65,3.13,0
4.015,-5.64943,-0.5,0.000,-0.317,1.0000,-1.5000,-1.5000,-1.4969,0.000,43.3,41.8,18.39,4.407,81.25,2.83,0
4.049,-5.65890,-3.9,0.000,-0.243,1.0000,-1.5000,-1.5000,-1.4961,0.000,43.3,41.8,18.38,4.391,80.21,2.09,0
4.083,-5.66606,-6.5,0.000,-0.183,1.0000,-1.5000,-1.5000,-1.5003,0.000,43.4,41.8,18.38,4.283,78.65,1.63,0
4.113,-5.67083,-8.2,0.000,-0.141,1.0000,-1.5000,-1.5000,-1.4973,0.000,43.4,41.8,18.39,4.213,77.37,1.33,0
4.143,-5.67494,-9.6,0.000,-0.134,1.0000,-1.5000,-1.5000,-1.4969,0.000,43.4,41.8,18.43,4.124,75.76,1.36,0
4.174,-5.67895,-11.1,0.000,-0.112,1.0000,-1.5000,-1.5000,-1.5012,0.000,43.4,41.8,18.45,4.016,74.10,1.03,0
4.206,-5.68239,-12.3,0.000,-0.096,1.0000,-1.5000,-1.5000,-1.4973,0.000,43.5,41.9,18.47,3.896,71.60,0.89,0
4.238,-5.68521,-13.3,0.000,-0.069,1.0000,-1.5000,-1.5000,-1.5037,0.000,43.5,41.9,18.47,3.821,70.18,0.62,0
4.270,-5.68716,-14.0,0.000,-0.051,1.0000,-1.5000,-1.5000,-1.4975,0.000,43.5,41.9,18.47,3.747,69.59,0.39,0
4.305,-5.68811,-14.4,0.000,-0.003,1.0000,-1.5000,-1.5000,-1.5042,0.000,43.5,41.9,18.48,3.762,69.59,-0.06,0
4.335,-5.68788,-14.3,0.000,0.014,1.0000,-1.5000,-1.5000,-1.5074,0.000,43.5,41.9,18.48,3.762,69.43,-0.16,0
4.366,-5.68768,-14.2,0.000,-0.002,1.0000,-1.5000,-1.5000,-1.4911,0.000,43.6,41.9,18.49,3.753,69.32,0.03,0
4.397,-5.68780,-14.3,0.000,-0.005,1.0000,-1.5000,-1.5000,-1.5028,0.000,43.6,41.9,18.49,3.750,69.61,-0.02,0
4.427,-5.68789,-14.3,0.000,0.002,1.0000,-1.5000,-1.5000,-1.4992,0.000,43.6,41.9,18.48,3.765,69.46,0.08,0
4.458,-5.68778,-14.3,0.000,0.002,1.0000,-1.5000,-1.5000,-1.5049,0.000,43.6,41.9,18.48,3.776,69.53,-0.14,0
4.488,-5.68744,-14.1,0.000,0.007,1.0000,-1.5000,-1.5000,-1.4984,0.000,43.7,42.0,18.48,3.767,69.63,-0.15,0
4.520,-5.68715,-14.0,0.000,0.003,1.0000,-1.5000,-1.5000,-1.4968,0.000,43.7,42.0,18.49,3.782,69.55,0.03,0
4.557,-5.68700,-14.0,0.000,0.004,1.0000,-1.5000,-1.5000,-1.4961,0.000,43.7,42.0,18.48,3.765,70.07,0.06,0
4.591,-5.68704,-14.0,0.000,-0.001,1.0000,-1.5000,-1.5000,-1.5015,0.000,43.7,42.0,18.48,3.769,69.86,0.02,0
4.622,-5.68707,-14.0,0.000,-0.000,1.0000,-1.5000,-1.5000,-1.5065,0.000,43.8,42.0,18.48,3.789,69.61,0.01,0
4.654,-5.68698,-14.0,0.000,0.009,1.0000,-1.5000,-1.5000,-1.4948,0.000,43.8,42.0,18.48,3.777,69.88,0.05,0
4.686,-5.68698,-14.0,0.000,-0.001,1.0000,-1.5000,-1.5000,-1.4949,0.000,43.8,42.0,18.47,3.789,69.75,-0.06,0
4.717,-5.68695,-14.0,0.000,-0.001,1.0000,-1.5000,-1.5000,-1.5054,0.000,43.8,42.0,18.47,3.780,70.18,0.01,0
4.749,-5.68695,-14.0,0.000,0.004,1.0000,-1.5000,-1.5000,-1.4978,0.000,43.9,42.0,18.47,3.794,69.89,-0.08,0
4.780,-5.68685,-13.9,0.000,0.003,1.0000,-1.5000,-1.5000,-1.4983,0.000,43.9,42.1,18.48,3.776,69.87,0.07,0
4.812,-5.68684,-13.9,0.000,0.001,1.0000,-1.5000,-1.5000,-1.5008,0.000,43.9,42.1,18.48,3.781,69.73,-0.01,0
4.843,-5.68671,-13.9,0.000,0.007,1.0000,-1.5000,-1.5000,-1.5050,0.000,43.9,42.1,18.47,3.800,70.08,-0.08,0
4.873,-5.68646,-13.8,0.000,0.001,1.0000,-1.5000,-1.5000,-1.5054,0.000,44.0,42.1,18.48,3.802,70.33,-0.05,0
4.904,-5.68634,-13.8,0.000,-0.000,1.0000,-1.5000,-1.5000,-1.5091,0.000,44.0,42.1,18.47,3.810,70.60,-0.12,0
4.936,-5.68628,-13.7,0.000,0.004,1.0000,-1.5000,-1.5000,-1.4953,0.000,44.0,42.1,18.48,3.802,70.72,-0.03,0
4.973,-5.68616,-13.7,0.000,0.007,1.0000,-1.5000,-1.5000,-1.4981,0.000,44.1,42.1,18.48,3.805,70.67,-0.09,0
5.004,-5.68608,-13.7,0.000,0.009,1.0000,-1.5000,-1.5000,-1.5044,0.000,44.1,42.1,18.48,3.806,70.60,-0.01,0
5.035,-5.68610,-13.7,0.000,0.005,1.0000,-1.5000,-1.5000,-1.5035,0.000,44.1,42.1,18.48,3.805,70.70,-0.00,0
5.066,-5.68608,-13.7,0.000,0.002,1.0000,-1.5000,-1.5000,-1.5022,0.000,44.1,42.1,18.48,3.828,70.57,0.02,0
5.097,-5.68597,-13.6,0.000,0.001,1.0000,-1.5000,-1.5000,-1.4971,0.000,44.2,42.2,18.48,3.813,70.61,-0.04,0
5.127,-5.68595,-13.6,0.000,0.004,1.0000,-1.5000,-1.5000,-1.5005,0.000,44.2,42.2,18.47,3.813,70.56,-0.00,0
5.158,-5.68590,-13.6,0.000,0.004,1.0000,-1.5000,-1.5000,-1.5014,0.000,44.2,42.2,18.47,3.835,70.75,-0.03,0
5.188,-5.68589,-13.6,0.000,0.004,1.0000,-1.5000,-1.5000,-1.4971,0.000,44.2,42.2,18.47,3.811,70.51,-0.03,0
5.219,-5.68597,-13.6,0.000,0.005,1.0000,-1.5000,-1.5000,-1.5060,0.000,44.3,42.2,18.47,3.816,70.25,0.00,0
5.249,-5.68597,-13.6,0.000,-0.002,1.0000,-1.5000,-1.5000,-1.4964,0.000,44.3,42.2,18.47,3.825,70.28,0.00,0
5.281,-5.68598,-13.6,0.000,0.002,1.0000,-1.5000,-1.5000,-1.5016,0.000,44.3,42.2,18.48,3.803,70.42,-0.03,0
5.311,-5.68597,-13.6,0.000,0.003,1.0000,-1.5000,-1.5000,-1.5030,0.000,44.3,42.2,18.47,3.824,70.69,0.01,0
5.343,-5.68592,-13.6,0.000,0.005,1.0000,-1.5000,-1.5000,-1.4946,0.000,44.4,42.2,18.46,3.832,70.67,-0.05,0
5.375,-5.68585,-13.6,0.000,-0.004,1.0000,-1.5000,-1.5000,-1.5069,0.000,44.4,42.2,18.47,3.828,70.68,0.06,0
5.406,-5.68582,-13.6,0.000,0.002,1.0000,-1.5000,-1.5000,-1.5003,0.000,44.4,42.2,18.47,3.829,70.83,-0.04,0
5.438,-5.68574,-13.5,0.000,0.005,1.0000,-1.5000,-1.5000,-1.4988,0.000,44.5,42.2,18.47,3.824,70.72,-0.13,0
5.469,-5.68530,-13.4,0.000,0.029,1.0000,-1.5000,-1.5000,-1.4979,0.000,44.5,42.3,18.47,3.857,70.82,-0.24,0
5.499,-5.68425,-13.0,0.000,0.044,1.0000,-1.5000,-1.5000,-1.4985,0.000,44.5,42.3,18.44,3.899,72.03,-0.61,0
5.530,-5.68151,-12.0,0.000,0.141,1.0000,-1.5000,-1.5000,-1.4924,0.000,44.5,42.3,18.45,4.019,74.55,-1.59,0
5.560,-5.67510,-9.7,0.000,0.272,1.0000,-1.5000,-1.5000,-1.4919,0.000,44.6,42.3,18.40,4.271,78.95,-2.64,0
5.591,-5.66619,-6.5,0.000,0.293,1.0000,-1.5000,-1.5000,-1.4950,0.000,44.6,42.3,18.36,4.443,81.42,-2.66,0
5.622,-5.65703,-3.2,0.000,0.288,1.0000,-1.5000,-1.5000,-1.4950,0.000,44.6,42.3,18.34,4.604,84.21,-2.91,0
5.653,-5.64744,0.3,0.002,0.283,1.0000,-1.5000,-1.5000,-1.5024,0.000,45.0,42.3,18.37,4.435,80.62,-2.52,0
5.685,-5.63905,3.3,0.026,0.250,1.0000,-1.5000,-1.5000,-1.4925,0.000,45.0,42.3,18.40,4.110,75.78,-2.43,0
5.717,-5.63083,6.2,0.050,0.265,1.0000,-1.5000,-1.5000,-1.4968,0.000,45.1,42.3,18.44,3.969,73.16,-2.55,0
5.749,-5.62241,9.3,0.074,0.262,1.0000,-1.5000,-1.5000,-1.5071,0.000,45.1,42.3,18.46,3.861,70.95,-2.46,0
5.780,-5.61607,11.5,0.092,-0.071,1.0000,-1.5000,-1.5000,-1.5034,0.000,45.1,42.3,18.48,3.747,69.34,-0.36,0
5.811,-5.61588,11.6,0.093,-0.039,1.0000,-1.5000,-1.5000,-1.5030,0.000,45.1,42.3,18.48,3.739,68.96,0.38,0
5.842,-5.61616,11.5,0.092,0.009,1.0000,-1.5000,-1.5000,-1.5020,0.000,45.2,42.4,18.48,3.734,69.20,0.01,0
5.873,-5.61609,11.5,0.092,-0.006,1.0000,-1.5000,-1.5000,-1.4947,0.000,45.2,42.4,18.47,3.750,69.54,-0.27,0
5.904,-5.61579,11.6,0.093,-0.019,1.0000,-1.5000,-1.5000,-1.4952,0.000,45.2,42.4,18.48,3.762,69.32,0.05,0
5.935,-5.61532,11.8,0.095,0.036,1.0000,-1.5000,-1.5000,-1.5057,0.000,45.3,42.4,18.47,3.763,69.70,-0.02,0
5.967,-5.61523,11.8,0.095,-0.001,1.0000,-1.5000,-1.5000,-1.5006,0.000,45.3,42.4,18.46,3.794,69.87,-0.06,0
5.998,-5.61515,11.9,0.095,0.003,1.0000,-1.5000,-1.5000,-1.5005,0.000,45.3,42.4,18.47,3.777,69.48,-0.10,0
6.031,-5.61504,11.9,0.095,0.004,1.0000,-1.5000,-1.5000,-1.4994,0.000,45.3,42.4,18.48,3.770,69.97,0.02,0
6.062,-5.61496,11.9,0.096,0.009,1.0000,-1.5000,-1.5000,-1.4985,0.000,45.4,42.4,18.47,3.791,69.56,-0.02,0
6.092,-5.61493,12.0,0.096,0.000,1.0000,-1.5000,-1.5000,-1.4976,0.000,45.4,42.4,18.47,3.783,69.75,-0.01,0
6.123,-5.61491,12.0,0.096,-0.002,1.0000,-1.5000,-1.5000,-1.4945,0.000,45.4,42.4,18.46,3.790,69.74,0.07,0
6.154,-5.61492,12.0,0.096,0.006,1.0000,-1.5000,-1.5000,-1.4939,0.000,45.5,42.5,18.47,3.785,70.46,0.04,0
6.184,-5.61489,12.0,0.096,0.010,1.0000,-1.5000,-1.5000,-1.4978,0.000,45.5,42.5,18.46,3.784,69.91,0.03,0
6.215,-5.61489,12.0,0.096,-0.004,1.0000,-1.5000,-1.5000,-1.4989,0.000,45.5,42.5,18.47,3.797,69.96,-0.01,0
6.246,-5.61491,12.0,0.096,-0.002,1.0000,-1.5000,-1.5000,-1.4957,0.000,45.5,42.5,18.46,3.794,70.27,-0.02,0
6.279,-5.61493,12.0,0.096,-0.001,1.0000,-1.5000,-1.5000,-1.4988,0.000,45.6,42.5,18.47,3.797,69.75,0.08,0
6.311,-5.61500,11.9,0.095,0.005,1.0000,-1.5000,-1.5000,-1.4954,0.000,45.6,42.5,18.47,3.788,69.98,0.00,0
6.342,-5.61501,11.9,0.095,0.003,1.0000,-1.5000,-1.5000,-1.5049,0.000,45.6,42.5,18.47,3.784,69.91,-0.07,0
6.374,-5.61504,11.9,0.095,0.005,1.0000,-1.5000,-1.5000,-1.5010,0.000,45.7,42.5,18.47,3.800,69.95,-0.10,0
6.406,-5.61502,11.9,0.095,0.006,1.0000,-1.5000,-1.5000,-1.4954,0.000,45.7,42.6,18.47,3.774,70.07,0.01,0
6.438,-5.61499,11.9,0.095,0.013,1.0000,-1.5000,-1.5000,-1.5037,0.000,45.7,42.6,18.47,3.796,70.19,-0.15,0
6.469,-5.61499,11.9,0.095,-0.002,1.0000,-1.5000,-1.5000,-1.5019,0.000,45.7,42.6,18.47,3.782,69.97,-0.02,0
6.500,-5.61499,11.9,0.095,0.001,1.0000,-1.5000,-1.5000,-1.4927,0.000,45.8,42.6,18.47,3.783,69.92,-0.01,0
6.530,-5.61498,11.9,0.095,-0.004,1.0000,-1.5000,-1.5000,-1.4988,0.000,45.8,42.6,18.47,3.790,69.92,-0.02,0
6.560,-5.61499,11.9,0.095,-0.005,1.0000,-1.5000,-1.5000,-1.4948,0.000,45.8,42.6,18.46,3.791,69.84,-0.02,0
6.591,-5.61498,11.9,0.095,-0.006,1.0000,-1.5000,-1.5000,-1.5025,0.000,45.9,42.6,18.47,3.800,69.89,0.00,0
6.622,-5.61499,11.9,0.095,0.006,1.0000,-1.5000,-1.5000,-1.4923,0.000,45.9,42.7,18.47,3.798,70.27,-0.02,0
6.653,-5.61499,11.9,0.095,0.000,1.0000,-1.5000,-1.5000,-1.5029,0.000,45.9,42.7,18.47,3.796,69.95,-0.01,0
6.685,-5.61499,11.9,0.095,0.001,1.0000,-1.5000,-1.5000,-1.5062,0.000,46.0,42.7,18.46,3.798,69.74,-0.00,0
6.720,-5.61495,11.9,0.096,0.000,1.0000,-1.5000,-1.5000,-1.4995,0.000,46.0,42.7,18.45,3.800,70.20,0.06,0
6.752,-5.61496,11.9,0.096,0.002,1.0000,-1.5000,-1.5000,-1.4981,0.000,46.0,42.7,18.46,3.801,70.22,-0.05,0
6.783,-5.61495,11.9,0.096,-0.001,1.0000,-1.5000,-1.5000,-1.5042,0.000,46.0,42.7,18.46,3.786,70.33,-0.03,0
6.814,-5.61493,12.0,0.096,0.003,1.0000,-1.5000,-1.5000,-1.5100,0.000,46.1,42.8,18.46,3.800,69.90,-0.00,0
6.845,-5.61495,11.9,0.096,-0.007,1.0000,-1.5000,-1.5000,-1.5015,0.000,46.1,42.8,18.48,3.799,70.18,-0.03,0
6.875,-5.61504,11.9,0.095,-0.005,1.0000,-1.5000,-1.5000,-1.4972,0.000,46.1,42.8,18.47,3.812,69.90,0.04,0
6.906,-5.61507,11.9,0.095,0.003,1.0000,-1.5000,-1.5000,-1.4972,0.000,46.2,42.8,18.46,3.790,69.92,-0.02,0
6.936,-5.61505,11.9,0.095,0.001,1.0000,-1.5000,-1.5000,-1.4976,0.000,46.2,42.8,18.46,3.794,69.99,-0.01,0
6.967,-5.61505,11.9,0.095,-0.001,1.0000,-1.5000,-1.5000,-1.5023,0.000,46.2,42.8,18.46,3.795,70.31,-0.01,0
6.998,-5.61518,11.9,0.095,-0.008,1.0000,-1.5000,-1.5000,-1.4997,0.000,46.3,42.8,18.47,3.791,69.99,0.10,0
7.030,-5.61536,11.8,0.094,-0.010,1.0000,-1.5000,-1.5000,-1.4937,0.000,46.3,42.8,18.46,3.792,70.07,0.00,0
7.061,-5.61550,11.8,0.094,-0.007,1.0000,-1.5000,-1.5000,-1.5040,0.000,46.3,42.9,18.46,3.779,69.79,0.17,0
7.092,-5.61602,11.6,0.092,-0.014,1.0000,-1.5000,-1.5000,-1.5057,0.000,46.4,42.9,18.46,3.777,69.59,-0.02,0
7.123,-5.61584,11.6,0.093,0.031,1.0000,-1.5000,-1.5000,-1.4900,0.000,46.4,42.9,18.47,3.774,69.71,-0.19,0
7.154,-5.61537,11.8,0.094,-0.017,1.0000,-1.5000,-1.5000,-1.4986,0.000,46.4,42.9,18.47,3.770,70.00,0.48,0
7.184,-5.61591,11.6,0.093,0.052,1.0000,-1.5000,-1.5000,-1.4956,0.000,46.4,42.9,18.46,3.792,69.37,-0.00,0
7.215,-5.61631,11.5,0.092,-0.076,1.0000,-1.5000,-1.5000,-1.4971,0.000,46.5,42.9,18.47,3.746,68.93,1.06,0
7.246,-5.62171,9.5,0.076,-0.269,1.0000,-1.5000,-1.5000,-1.5028,0.000,46.5,42.9,18.49,3.763,69.50,2.97,0
7.278,-5.63376,5.2,0.041,-0.473,1.0000,-1.5000,-1.5000,-1.5008,0.000,46.5,43.0,18.45,3.957,73.19,4.75,0
7.308,-5.64981,-0.6,0.000,-0.543,1.0000,-1.5000,-1.5000,-1.4942,0.000,46.6,43.0,18.39,4.381,80.79,4.87,0
7.339,-5.66452,-5.9,0.000,-0.429,1.0000,-1.5000,-1.5000,-1.4940,0.000,46.6,43.0,18.38,4.266,78.51,3.48,0
7.369,-5.67434,-9.4,0.000,-0.278,1.0000,-1.5000,-1.5000,-1.5024,0.000,46.6,43.0,18.40,4.115,75.64,2.56,0
7.400,-5.68205,-12.2,0.000,-0.251,1.0000,-1.5000,-1.5000,-1.5048,0.000,46.7,43.0,18.45,3.896,71.40,2.34,0
7.431,-5.68949,-14.9,0.000,-0.214,1.0000,-1.5000,-1.5000,-1.4996,0.000,46.7,43.0,18.48,3.775,69.63,1.87,0
7.462,-5.69569,-17.1,0.000,-0.219,1.0000,-1.5000,-1.5000,-1.5027,0.000,46.7,43.0,18.47,3.880,71.74,1.96,0
7.492,-5.70139,-19.2,0.000,-0.139,1.0000,-1.5000,-1.5000,-1.5008,0.000,46.8,43.0,18.45,3.959,73.21,1.05,0
7.523,-5.70407,-20.1,0.000,-0.061,1.0000,-1.5000,-1.5000,-1.5028,0.000,46.8,43.0,18.44,4.036,74.33,0.50,0
7.554,-5.70588,-20.8,0.000,-0.039,1.0000,-1.5000,-1.5000,-1.4994,0.000,46.8,43.1,18.43,4.068,75.05,0.40,0
7.585,-5.70750,-21.4,0.000,-0.062,1.0000,-1.5000,-1.5000,-1.4987,0.000,46.9,43.1,18.43,4.066,75.27,0.56,0
7.615,-5.70943,-22.1,0.000,-0.037,1.0000,-1.5000,-1.5000,-1.4995,0.000,46.9,43.1,18.42,4.113,75.95,0.43,0
7.647,-5.71075,-22.5,0.000,-0.030,1.0000,-1.5000,-1.5000,-1.4969,0.000,46.9,43.1,18.40,4.158,75.85,0.28,0
7.678,-5.71149,-22.8,0.000,-0.023,1.0000,-1.5000,-1.5000,-1.5002,0.000,47.0,43.1,18.41,4.172,76.26,0.12,0
7.709,-5.71209,-23.0,0.000,-0.017,1.0000,-1.5000,-1.5000,-1.4965,0.000,47.0,43.1,18.40,4.176,77.30,0.23,0
7.739,-5.71282,-23.3,0.000,-0.022,1.0000,-1.5000,-1.5000,-1.4944,0.000,47.0,43.1,18.39,4.221,77.55,0.15,0
7.770,-5.71323,-23.4,0.000,-0.003,1.0000,-1.5000,-1.5000,-1.5055,0.000,47.1,43.1,18.39,4.238,78.05,0.06,0
7.801,-5.71316,-23.4,0.000,0.013,1.0000,-1.5000,-1.5000,-1.5018,0.000,47.1,43.1,18.39,4.222,77.76,-0.06,0
7.832,-5.71290,-23.3,0.000,0.008,1.0000,-1.5000,-1.5000,-1.4952,0.000,47.1,43.1,18.39,4.219,77.52,-0.05,0
7.863,-5.71290,-23.3,0.000,0.003,1.0000,-1.5000,-1.5000,-1.5006,0.000,47.2,43.1,18.39,4.204,77.18,0.15,0
7.894,-5.71349,-23.5,0.000,-0.053,1.0000,-1.5000,-1.5000,-1.5001,0.000,47.2,43.1,18.39,4.250,77.94,0.55,0
7.925,-5.71521,-24.1,0.000,-0.056,1.0000,-1.5000,-1.5000,-1.4969,0.000,47.2,43.1,18.38,4.313,79.18,0.51,0
7.955,-5.71662,-24.7,0.000,-0.036,1.0000,-1.5000,-1.5000,-1.5013,0.000,47.3,43.1,18.37,4.388,80.37,0.43,0
7.986,-5.71770,-25.0,0.000,-0.031,1.0000,-1.5000,-1.5000,-1.4992,0.000,47.3,43.1,18.37,4.396,80.68,0.28,0
8.018,-5.71894,-25.5,0.000,-0.050,1.0000,-1.5000,-1.5000,-1.5017,0.000,47.3,43.2,18.35,4.424,81.42,0.61,0
8.051,-5.72105,-26.2,0.000,-0.080,1.0000,-1.5000,-1.5000,-1.5032,0.000,47.4,43.2,18.35,4.499,82.73,0.70,0
8.082,-5.72328,-27.1,0.000,-0.062,1.0000,-1.5000,-1.5000,-1.5029,0.000,47.4,43.2,18.34,4.520,83.11,0.52,0
8.115,-5.72474,-27.6,0.000,-0.030,1.0000,-1.5000,-1.5000,-1.5049,0.000,47.4,43.2,18.33,4.529,83.09,0.36,0
8.147,-5.72566,-27.9,0.000,-0.022,1.0000,-1.5000,-1.5000,-1.5090,0.000,47.5,43.2,18.34,4.540,83.00,0.29,0
8.178,-5.72641,-28.2,0.000,-0.012,1.0000,-1.5000,-1.5000,-1.4974,0.000,47.5,43.2,18.34,4.555,83.41,0.28,0
8.209,-5.72719,-28.5,0.000,-0.034,1.0000,-1.5000,-1.5000,-1.5068,0.000,47.5,43.2,18.33,4.547,83.26,0.20,0
8.240,-5.72764,-28.6,0.000,-0.005,1.0000,-1.5000,-1.5000,-1.5013,0.000,47.6,43.2,18.32,4.539,83.53,-0.03,0
8.270,-5.72760,-28.6,0.000,0.000,1.0000,-1.5000,-1.5000,-1.5062,0.000,47.6,43.2,18.33,4.567,83.46,-0.01,0
8.301,-5.72744,-28.5,0.000,0.009,1.0000,-1.5000,-1.5000,-1.5003,0.000,47.6,43.2,18.33,4.565,83.75,-0.12,0
8.332,-5.72712,-28.4,0.000,0.009,1.0000,-1.5000,-1.5000,-1.5031,0.000,47.6,43.2,18.33,4.565,83.84,-0.14,0
8.362,-5.72681,-28.3,0.000,0.009,1.0000,-1.5000,-1.5000,-1.5003,0.000,47.7,43.2,18.32,4.561,83.76,-0.08,0
8.393,-5.72662,-28.3,0.000,0.002,1.0000,-1.5000,-1.5000,-1.4994,0.000,47.7,43.2,18.31,4.578,83.49,-0.06,0
8.423,-5.72652,-28.2,0.000,0.001,1.0000,-1.5000,-1.5000,-1.4965,0.000,47.7,43.2,18.32,4.569,83.56,-0.03,0
8.454,-5.72660,-28.2,0.000,-0.005,1.0000,-1.5000,-1.5000,-1.5076,0.000,47.8,43.2,18.32,4.556,83.43,0.01,0
8.485,-5.72637,-28.2,0.000,0.011,1.0000,-1.5000,-1.5000,-1.4926,0.000,47.8,43.2,18.33,4.551,83.79,-0.22,0
8.515,-5.72556,-27.9,0.000,0.030,1.0000,-1.5000,-1.5000,-1.5051,0.000,47.8,43.2,18.32,4.562,83.43,-0.21,0
8.546,-5.72498,-27.7,0.000,0.013,1.0000,-1.5000,-1.5000,-1.4955,0.000,47.9,43.2,18.33,4.573,83.04,-0.19,0
8.576,-5.72453,-27.5,0.000,0.024,1.0000,-1.5000,-1.5000,-1.4984,0.000,47.9,43.2,18.33,4.548,83.50,-0.22,0
8.609,-5.72332,-27.1,0.000,0.052,1.0000,-1.5000,-1.5000,-1.4935,0.000,47.9,43.2,18.33,4.554,83.48,-0.66,0
8.641,-5.72061,-26.1,0.000,0.100,1.0000,-1.5000,-1.5000,-1.4949,0.000,47.9,43.2,18.33,4.523,82.79,-1.01,0
8.673,-5.71749,-25.0,0.000,0.091,1.0000,-1.5000,-1.5000,-1.5061,0.000,48.0,43.2,18.34,4.412,80.59,-0.88,0
8.705,-5.71410,-23.7,0.000,0.122,1.0000,-1.5000,-1.5000,-1.4968,0.000,48.0,43.2,18.37,4.270,78.34,-1.43,0
8.736,-5.70861,-21.8,0.000,0.199,1.0000,-1.5000,-1.5000,-1.5011,0.000,48.0,43.2,18.40,4.131,75.82,-1.95,0
8.768,-5.70235,-19.5,0.000,0.192,1.0000,-1.5000,-1.5000,-1.5103,0.000,48.0,43.2,18.43,4.022,74.16,-1.94,0
8.799,-5.69568,-17.1,0.000,0.232,1.0000,-1.5000,-1.5000,-1.5114,0.000,48.1,43.3,18.44,3.926,71.99,-2.15,0
8.831,-5.68875,-14.6,0.000,0.206,1.0000,-1.5000,-1.5000,-1.5036,0.000,48.1,43.3,18.44,3.826,70.77,-1.65,0
8.861,-5.68225,-12.3,0.000,0.230,1.0000,-1.5000,-1.5000,-1.5035,0.000,48.1,43.3,18.41,4.042,74.72,-2.21,0
8.891,-5.67461,-9.5,0.000,0.283,1.0000,-1.5000,-1.5000,-1.4952,0.000,48.1,43.3,18.37,4.304,79.15,-2.70,0
8.921,-5.66534,-6.2,0.000,0.329,1.0000,-1.5000,-1.5000,-1.4964,0.000,48.2,43.3,18.31,4.477,81.82,-3.10,0
8.952,-5.65531,-2.6,0.000,0.345,1.0000,-1.5000,-1.5000,-1.5026,0.000,48.2,43.3,18.31,4.658,85.11,-3.45,0
8.982,-5.64369,1.6,0.013,0.396,1.0000,-1.5000,-1.5000,-1.5066,0.000,48.2,43.3,18.35,4.337,78.48,-3.87,0
9.013,-5.63061,6.3,0.050,0.420,1.0000,-1.5000,-1.5000,-1.5017,0.000,48.2,43.3,18.41,4.023,74.05,-3.91,0
9.045,-5.61766,11.0,0.088,0.408,1.0000,-1.5000,-1.5000,-1.5173,0.000,48.3,43.3,18.41,3.855,70.42,-1.18,0
9.077,-5.61448,12.1,0.097,0.020,1.0000,-1.5000,-1.5000,-1.5024,0.000,48.3,43.3,18.43,3.822,70.56,-0.10,0
9.108,-5.61471,12.0,0.096,-0.002,1.0000,-1.5000,-1.5000,-1.4950,0.000,48.3,43.3,18.45,3.817,70.28,0.00,0
9.140,-5.61430,12.2,0.097,0.021,1.0000,-1.5000,-1.5000,-1.5008,0.000,48.3,43.3,18.43,3.835,70.76,-0.04,0
